This is pdfTeX, Version 3.141592653-2.6-1.40.27 (MiKTeX 25.4) (preloaded format=pdflatex 2025.10.17)  3 DEC 2025 03:56
entering extended mode
 restricted \write18 enabled.
 file:line:error style messages enabled.
 %&-line parsing enabled.
**"c:/Users/hp/Desktop/FYP/full-proj/Revised - Final Report Development - FYP-1/thesis.tex"
(c:/Users/hp/Desktop/FYP/full-proj/Revised - Final Report Development - FYP-1/thesis.tex
LaTeX2e <2025-06-01> patch level 1
L3 programming layer <2025-09-02>
(fast-nuces-bs.cls
Document Class: fast-nuces-bs 2018/05/21 v0.3 FAST-NUCES-BS FYP Thesis Class
(C:\Users\hp\AppData\Local\Programs\MiKTeX\tex/latex/base\book.cls
Document Class: book 2025/01/22 v1.4n Standard LaTeX document class
(C:\Users\hp\AppData\Local\Programs\MiKTeX\tex/latex/base\bk12.clo
File: bk12.clo 2025/01/22 v1.4n Standard LaTeX file (size option)
)
\c@part=\count275
\c@chapter=\count276
\c@section=\count277
\c@subsection=\count278
\c@subsubsection=\count279
\c@paragraph=\count280
\c@subparagraph=\count281
\c@figure=\count282
\c@table=\count283
\abovecaptionskip=\skip49
\belowcaptionskip=\skip50
\bibindent=\dimen148
) (C:\Users\hp\AppData\Local\Programs\MiKTeX\tex/latex/amsfonts\amssymb.sty
Package: amssymb 2013/01/14 v3.01 AMS font symbols
 (C:\Users\hp\AppData\Local\Programs\MiKTeX\tex/latex/amsfonts\amsfonts.sty
Package: amsfonts 2013/01/14 v3.01 Basic AMSFonts support
\@emptytoks=\toks17
\symAMSa=\mathgroup4
\symAMSb=\mathgroup5
LaTeX Font Info:    Redeclaring math symbol \hbar on input line 98.
LaTeX Font Info:    Overwriting math alphabet `\mathfrak' in version `bold'
(Font)                  U/euf/m/n --> U/euf/b/n on input line 106.
)) (C:\Users\hp\AppData\Local\Programs\MiKTeX\tex/latex/amsmath\amsmath.sty
Package: amsmath 2025/06/16 v2.17y AMS math features
\@mathmargin=\skip51

For additional information on amsmath, use the `?' option.
(C:\Users\hp\AppData\Local\Programs\MiKTeX\tex/latex/amsmath\amstext.sty
Package: amstext 2024/11/17 v2.01 AMS text
 (C:\Users\hp\AppData\Local\Programs\MiKTeX\tex/latex/amsmath\amsgen.sty
File: amsgen.sty 1999/11/30 v2.0 generic functions
\@emptytoks=\toks18
\ex@=\dimen149
)) (C:\Users\hp\AppData\Local\Programs\MiKTeX\tex/latex/amsmath\amsbsy.sty
Package: amsbsy 1999/11/29 v1.2d Bold Symbols
\pmbraise@=\dimen150
) (C:\Users\hp\AppData\Local\Programs\MiKTeX\tex/latex/amsmath\amsopn.sty
Package: amsopn 2022/04/08 v2.04 operator names
)
\inf@bad=\count284
LaTeX Info: Redefining \frac on input line 233.
\uproot@=\count285
\leftroot@=\count286
LaTeX Info: Redefining \overline on input line 398.
LaTeX Info: Redefining \colon on input line 409.
\classnum@=\count287
\DOTSCASE@=\count288
LaTeX Info: Redefining \ldots on input line 495.
LaTeX Info: Redefining \dots on input line 498.
LaTeX Info: Redefining \cdots on input line 619.
\Mathstrutbox@=\box53
\strutbox@=\box54
LaTeX Info: Redefining \big on input line 721.
LaTeX Info: Redefining \Big on input line 722.
LaTeX Info: Redefining \bigg on input line 723.
LaTeX Info: Redefining \Bigg on input line 724.
\big@size=\dimen151
LaTeX Font Info:    Redeclaring font encoding OML on input line 742.
LaTeX Font Info:    Redeclaring font encoding OMS on input line 743.
\macc@depth=\count289
LaTeX Info: Redefining \bmod on input line 904.
LaTeX Info: Redefining \pmod on input line 909.
LaTeX Info: Redefining \smash on input line 939.
LaTeX Info: Redefining \relbar on input line 969.
LaTeX Info: Redefining \Relbar on input line 970.
\c@MaxMatrixCols=\count290
\dotsspace@=\muskip17
\c@parentequation=\count291
\dspbrk@lvl=\count292
\tag@help=\toks19
\row@=\count293
\column@=\count294
\maxfields@=\count295
\andhelp@=\toks20
\eqnshift@=\dimen152
\alignsep@=\dimen153
\tagshift@=\dimen154
\tagwidth@=\dimen155
\totwidth@=\dimen156
\lineht@=\dimen157
\@envbody=\toks21
\multlinegap=\skip52
\multlinetaggap=\skip53
\mathdisplay@stack=\toks22
LaTeX Info: Redefining \[ on input line 2949.
LaTeX Info: Redefining \] on input line 2950.
) (C:\Users\hp\AppData\Local\Programs\MiKTeX\tex/latex/amscls\amsthm.sty
Package: amsthm 2020/05/29 v2.20.6
\thm@style=\toks23
\thm@bodyfont=\toks24
\thm@headfont=\toks25
\thm@notefont=\toks26
\thm@headpunct=\toks27
\thm@preskip=\skip54
\thm@postskip=\skip55
\thm@headsep=\skip56
\dth@everypar=\toks28
) (C:\Users\hp\AppData\Local\Programs\MiKTeX\tex/latex/pgf/frontendlayer\tikz.sty (C:\Users\hp\AppData\Local\Programs\MiKTeX\tex/latex/pgf/basiclayer\pgf.sty (C:\Users\hp\AppData\Local\Programs\MiKTeX\tex/latex/pgf/utilities\pgfrcs.sty (C:\Users\hp\AppData\Local\Programs\MiKTeX\tex/generic/pgf/utilities\pgfutil-common.tex
\pgfutil@everybye=\toks29
\pgfutil@tempdima=\dimen158
\pgfutil@tempdimb=\dimen159
) (C:\Users\hp\AppData\Local\Programs\MiKTeX\tex/generic/pgf/utilities\pgfutil-latex.def
\pgfutil@abb=\box55
) (C:\Users\hp\AppData\Local\Programs\MiKTeX\tex/generic/pgf/utilities\pgfrcs.code.tex (C:\Users\hp\AppData\Local\Programs\MiKTeX\tex/generic/pgf\pgf.revision.tex)
Package: pgfrcs 2025-08-29 v3.1.11a (3.1.11a)
))
Package: pgf 2025-08-29 v3.1.11a (3.1.11a)
 (C:\Users\hp\AppData\Local\Programs\MiKTeX\tex/latex/pgf/basiclayer\pgfcore.sty (C:\Users\hp\AppData\Local\Programs\MiKTeX\tex/latex/graphics\graphicx.sty
Package: graphicx 2024/12/31 v1.2e Enhanced LaTeX Graphics (DPC,SPQR)
 (C:\Users\hp\AppData\Local\Programs\MiKTeX\tex/latex/graphics\keyval.sty
Package: keyval 2022/05/29 v1.15 key=value parser (DPC)
\KV@toks@=\toks30
) (C:\Users\hp\AppData\Local\Programs\MiKTeX\tex/latex/graphics\graphics.sty
Package: graphics 2024/08/06 v1.4g Standard LaTeX Graphics (DPC,SPQR)
 (C:\Users\hp\AppData\Local\Programs\MiKTeX\tex/latex/graphics\trig.sty
Package: trig 2023/12/02 v1.11 sin cos tan (DPC)
) (C:\Users\hp\AppData\Local\Programs\MiKTeX\tex/latex/graphics-cfg\graphics.cfg
File: graphics.cfg 2016/06/04 v1.11 sample graphics configuration
)
Package graphics Info: Driver file: pdftex.def on input line 106.
 (C:\Users\hp\AppData\Local\Programs\MiKTeX\tex/latex/graphics-def\pdftex.def
File: pdftex.def 2025/09/29 v1.2d Graphics/color driver for pdftex
))
\Gin@req@height=\dimen160
\Gin@req@width=\dimen161
) (C:\Users\hp\AppData\Local\Programs\MiKTeX\tex/latex/pgf/systemlayer\pgfsys.sty (C:\Users\hp\AppData\Local\Programs\MiKTeX\tex/generic/pgf/systemlayer\pgfsys.code.tex
Package: pgfsys 2025-08-29 v3.1.11a (3.1.11a)
 (C:\Users\hp\AppData\Local\Programs\MiKTeX\tex/generic/pgf/utilities\pgfkeys.code.tex
\pgfkeys@pathtoks=\toks31
\pgfkeys@temptoks=\toks32
 (C:\Users\hp\AppData\Local\Programs\MiKTeX\tex/generic/pgf/utilities\pgfkeyslibraryfiltered.code.tex
\pgfkeys@tmptoks=\toks33
))
\pgf@x=\dimen162
\pgf@y=\dimen163
\pgf@xa=\dimen164
\pgf@ya=\dimen165
\pgf@xb=\dimen166
\pgf@yb=\dimen167
\pgf@xc=\dimen168
\pgf@yc=\dimen169
\pgf@xd=\dimen170
\pgf@yd=\dimen171
\w@pgf@writea=\write3
\r@pgf@reada=\read2
\c@pgf@counta=\count296
\c@pgf@countb=\count297
\c@pgf@countc=\count298
\c@pgf@countd=\count299
\t@pgf@toka=\toks34
\t@pgf@tokb=\toks35
\t@pgf@tokc=\toks36
\pgf@sys@id@count=\count300
 (C:\Users\hp\AppData\Local\Programs\MiKTeX\tex/generic/pgf/systemlayer\pgf.cfg
File: pgf.cfg 2025-08-29 v3.1.11a (3.1.11a)
)
Driver file for pgf: pgfsys-pdftex.def
 (C:\Users\hp\AppData\Local\Programs\MiKTeX\tex/generic/pgf/systemlayer\pgfsys-pdftex.def
File: pgfsys-pdftex.def 2025-08-29 v3.1.11a (3.1.11a)
 (C:\Users\hp\AppData\Local\Programs\MiKTeX\tex/generic/pgf/systemlayer\pgfsys-common-pdf.def
File: pgfsys-common-pdf.def 2025-08-29 v3.1.11a (3.1.11a)
))) (C:\Users\hp\AppData\Local\Programs\MiKTeX\tex/generic/pgf/systemlayer\pgfsyssoftpath.code.tex
File: pgfsyssoftpath.code.tex 2025-08-29 v3.1.11a (3.1.11a)
\pgfsyssoftpath@smallbuffer@items=\count301
\pgfsyssoftpath@bigbuffer@items=\count302
) (C:\Users\hp\AppData\Local\Programs\MiKTeX\tex/generic/pgf/systemlayer\pgfsysprotocol.code.tex
File: pgfsysprotocol.code.tex 2025-08-29 v3.1.11a (3.1.11a)
)) (C:\Users\hp\AppData\Local\Programs\MiKTeX\tex/latex/xcolor\xcolor.sty
Package: xcolor 2024/09/29 v3.02 LaTeX color extensions (UK)
 (C:\Users\hp\AppData\Local\Programs\MiKTeX\tex/latex/graphics-cfg\color.cfg
File: color.cfg 2016/01/02 v1.6 sample color configuration
)
Package xcolor Info: Driver file: pdftex.def on input line 274.
 (C:\Users\hp\AppData\Local\Programs\MiKTeX\tex/latex/graphics\mathcolor.ltx)
Package xcolor Info: Model `cmy' substituted by `cmy0' on input line 1349.
Package xcolor Info: Model `hsb' substituted by `rgb' on input line 1353.
Package xcolor Info: Model `RGB' extended on input line 1365.
Package xcolor Info: Model `HTML' substituted by `rgb' on input line 1367.
Package xcolor Info: Model `Hsb' substituted by `hsb' on input line 1368.
Package xcolor Info: Model `tHsb' substituted by `hsb' on input line 1369.
Package xcolor Info: Model `HSB' substituted by `hsb' on input line 1370.
Package xcolor Info: Model `Gray' substituted by `gray' on input line 1371.
Package xcolor Info: Model `wave' substituted by `hsb' on input line 1372.
) (C:\Users\hp\AppData\Local\Programs\MiKTeX\tex/generic/pgf/basiclayer\pgfcore.code.tex
Package: pgfcore 2025-08-29 v3.1.11a (3.1.11a)
 (C:\Users\hp\AppData\Local\Programs\MiKTeX\tex/generic/pgf/math\pgfmath.code.tex (C:\Users\hp\AppData\Local\Programs\MiKTeX\tex/generic/pgf/math\pgfmathutil.code.tex) (C:\Users\hp\AppData\Local\Programs\MiKTeX\tex/generic/pgf/math\pgfmathparser.code.tex
\pgfmath@dimen=\dimen172
\pgfmath@count=\count303
\pgfmath@box=\box56
\pgfmath@toks=\toks37
\pgfmath@stack@operand=\toks38
\pgfmath@stack@operation=\toks39
) (C:\Users\hp\AppData\Local\Programs\MiKTeX\tex/generic/pgf/math\pgfmathfunctions.code.tex) (C:\Users\hp\AppData\Local\Programs\MiKTeX\tex/generic/pgf/math\pgfmathfunctions.basic.code.tex) (C:\Users\hp\AppData\Local\Programs\MiKTeX\tex/generic/pgf/math\pgfmathfunctions.trigonometric.code.tex) (C:\Users\hp\AppData\Local\Programs\MiKTeX\tex/generic/pgf/math\pgfmathfunctions.random.code.tex) (C:\Users\hp\AppData\Local\Programs\MiKTeX\tex/generic/pgf/math\pgfmathfunctions.comparison.code.tex) (C:\Users\hp\AppData\Local\Programs\MiKTeX\tex/generic/pgf/math\pgfmathfunctions.base.code.tex) (C:\Users\hp\AppData\Local\Programs\MiKTeX\tex/generic/pgf/math\pgfmathfunctions.round.code.tex) (C:\Users\hp\AppData\Local\Programs\MiKTeX\tex/generic/pgf/math\pgfmathfunctions.misc.code.tex) (C:\Users\hp\AppData\Local\Programs\MiKTeX\tex/generic/pgf/math\pgfmathfunctions.integerarithmetics.code.tex) (C:\Users\hp\AppData\Local\Programs\MiKTeX\tex/generic/pgf/math\pgfmathcalc.code.tex) (C:\Users\hp\AppData\Local\Programs\MiKTeX\tex/generic/pgf/math\pgfmathfloat.code.tex
\c@pgfmathroundto@lastzeros=\count304
)) (C:\Users\hp\AppData\Local\Programs\MiKTeX\tex/generic/pgf/math\pgfint.code.tex) (C:\Users\hp\AppData\Local\Programs\MiKTeX\tex/generic/pgf/basiclayer\pgfcorepoints.code.tex
File: pgfcorepoints.code.tex 2025-08-29 v3.1.11a (3.1.11a)
\pgf@picminx=\dimen173
\pgf@picmaxx=\dimen174
\pgf@picminy=\dimen175
\pgf@picmaxy=\dimen176
\pgf@pathminx=\dimen177
\pgf@pathmaxx=\dimen178
\pgf@pathminy=\dimen179
\pgf@pathmaxy=\dimen180
\pgf@xx=\dimen181
\pgf@xy=\dimen182
\pgf@yx=\dimen183
\pgf@yy=\dimen184
\pgf@zx=\dimen185
\pgf@zy=\dimen186
) (C:\Users\hp\AppData\Local\Programs\MiKTeX\tex/generic/pgf/basiclayer\pgfcorepathconstruct.code.tex
File: pgfcorepathconstruct.code.tex 2025-08-29 v3.1.11a (3.1.11a)
\pgf@path@lastx=\dimen187
\pgf@path@lasty=\dimen188
) (C:\Users\hp\AppData\Local\Programs\MiKTeX\tex/generic/pgf/basiclayer\pgfcorepathusage.code.tex
File: pgfcorepathusage.code.tex 2025-08-29 v3.1.11a (3.1.11a)
\pgf@shorten@end@additional=\dimen189
\pgf@shorten@start@additional=\dimen190
) (C:\Users\hp\AppData\Local\Programs\MiKTeX\tex/generic/pgf/basiclayer\pgfcorescopes.code.tex
File: pgfcorescopes.code.tex 2025-08-29 v3.1.11a (3.1.11a)
\pgfpic=\box57
\pgf@hbox=\box58
\pgf@layerbox@main=\box59
\pgf@picture@serial@count=\count305
) (C:\Users\hp\AppData\Local\Programs\MiKTeX\tex/generic/pgf/basiclayer\pgfcoregraphicstate.code.tex
File: pgfcoregraphicstate.code.tex 2025-08-29 v3.1.11a (3.1.11a)
\pgflinewidth=\dimen191
) (C:\Users\hp\AppData\Local\Programs\MiKTeX\tex/generic/pgf/basiclayer\pgfcoretransformations.code.tex
File: pgfcoretransformations.code.tex 2025-08-29 v3.1.11a (3.1.11a)
\pgf@pt@x=\dimen192
\pgf@pt@y=\dimen193
\pgf@pt@temp=\dimen194
) (C:\Users\hp\AppData\Local\Programs\MiKTeX\tex/generic/pgf/basiclayer\pgfcorequick.code.tex
File: pgfcorequick.code.tex 2025-08-29 v3.1.11a (3.1.11a)
) (C:\Users\hp\AppData\Local\Programs\MiKTeX\tex/generic/pgf/basiclayer\pgfcoreobjects.code.tex
File: pgfcoreobjects.code.tex 2025-08-29 v3.1.11a (3.1.11a)
) (C:\Users\hp\AppData\Local\Programs\MiKTeX\tex/generic/pgf/basiclayer\pgfcorepathprocessing.code.tex
File: pgfcorepathprocessing.code.tex 2025-08-29 v3.1.11a (3.1.11a)
) (C:\Users\hp\AppData\Local\Programs\MiKTeX\tex/generic/pgf/basiclayer\pgfcorearrows.code.tex
File: pgfcorearrows.code.tex 2025-08-29 v3.1.11a (3.1.11a)
\pgfarrowsep=\dimen195
) (C:\Users\hp\AppData\Local\Programs\MiKTeX\tex/generic/pgf/basiclayer\pgfcoreshade.code.tex
File: pgfcoreshade.code.tex 2025-08-29 v3.1.11a (3.1.11a)
\pgf@max=\dimen196
\pgf@sys@shading@range@num=\count306
\pgf@shadingcount=\count307
) (C:\Users\hp\AppData\Local\Programs\MiKTeX\tex/generic/pgf/basiclayer\pgfcoreimage.code.tex
File: pgfcoreimage.code.tex 2025-08-29 v3.1.11a (3.1.11a)
) (C:\Users\hp\AppData\Local\Programs\MiKTeX\tex/generic/pgf/basiclayer\pgfcoreexternal.code.tex
File: pgfcoreexternal.code.tex 2025-08-29 v3.1.11a (3.1.11a)
\pgfexternal@startupbox=\box60
) (C:\Users\hp\AppData\Local\Programs\MiKTeX\tex/generic/pgf/basiclayer\pgfcorelayers.code.tex
File: pgfcorelayers.code.tex 2025-08-29 v3.1.11a (3.1.11a)
) (C:\Users\hp\AppData\Local\Programs\MiKTeX\tex/generic/pgf/basiclayer\pgfcoretransparency.code.tex
File: pgfcoretransparency.code.tex 2025-08-29 v3.1.11a (3.1.11a)
) (C:\Users\hp\AppData\Local\Programs\MiKTeX\tex/generic/pgf/basiclayer\pgfcorepatterns.code.tex
File: pgfcorepatterns.code.tex 2025-08-29 v3.1.11a (3.1.11a)
) (C:\Users\hp\AppData\Local\Programs\MiKTeX\tex/generic/pgf/basiclayer\pgfcorerdf.code.tex
File: pgfcorerdf.code.tex 2025-08-29 v3.1.11a (3.1.11a)
))) (C:\Users\hp\AppData\Local\Programs\MiKTeX\tex/generic/pgf/modules\pgfmoduleshapes.code.tex
File: pgfmoduleshapes.code.tex 2025-08-29 v3.1.11a (3.1.11a)
\pgfnodeparttextbox=\box61
) (C:\Users\hp\AppData\Local\Programs\MiKTeX\tex/generic/pgf/modules\pgfmoduleplot.code.tex
File: pgfmoduleplot.code.tex 2025-08-29 v3.1.11a (3.1.11a)
) (C:\Users\hp\AppData\Local\Programs\MiKTeX\tex/latex/pgf/compatibility\pgfcomp-version-0-65.sty
Package: pgfcomp-version-0-65 2025-08-29 v3.1.11a (3.1.11a)
\pgf@nodesepstart=\dimen197
\pgf@nodesepend=\dimen198
) (C:\Users\hp\AppData\Local\Programs\MiKTeX\tex/latex/pgf/compatibility\pgfcomp-version-1-18.sty
Package: pgfcomp-version-1-18 2025-08-29 v3.1.11a (3.1.11a)
)) (C:\Users\hp\AppData\Local\Programs\MiKTeX\tex/latex/pgf/utilities\pgffor.sty (C:\Users\hp\AppData\Local\Programs\MiKTeX\tex/latex/pgf/utilities\pgfkeys.sty (C:\Users\hp\AppData\Local\Programs\MiKTeX\tex/generic/pgf/utilities\pgfkeys.code.tex)) (C:\Users\hp\AppData\Local\Programs\MiKTeX\tex/latex/pgf/math\pgfmath.sty (C:\Users\hp\AppData\Local\Programs\MiKTeX\tex/generic/pgf/math\pgfmath.code.tex)) (C:\Users\hp\AppData\Local\Programs\MiKTeX\tex/generic/pgf/utilities\pgffor.code.tex
Package: pgffor 2025-08-29 v3.1.11a (3.1.11a)
\pgffor@iter=\dimen199
\pgffor@skip=\dimen256
\pgffor@stack=\toks40
\pgffor@toks=\toks41
)) (C:\Users\hp\AppData\Local\Programs\MiKTeX\tex/generic/pgf/frontendlayer/tikz\tikz.code.tex
Package: tikz 2025-08-29 v3.1.11a (3.1.11a)
 (C:\Users\hp\AppData\Local\Programs\MiKTeX\tex/generic/pgf/libraries\pgflibraryplothandlers.code.tex
File: pgflibraryplothandlers.code.tex 2025-08-29 v3.1.11a (3.1.11a)
\pgf@plot@mark@count=\count308
\pgfplotmarksize=\dimen257
)
\tikz@lastx=\dimen258
\tikz@lasty=\dimen259
\tikz@lastxsaved=\dimen260
\tikz@lastysaved=\dimen261
\tikz@lastmovetox=\dimen262
\tikz@lastmovetoy=\dimen263
\tikzleveldistance=\dimen264
\tikzsiblingdistance=\dimen265
\tikz@figbox=\box62
\tikz@figbox@bg=\box63
\tikz@tempbox=\box64
\tikz@tempbox@bg=\box65
\tikztreelevel=\count309
\tikznumberofchildren=\count310
\tikznumberofcurrentchild=\count311
\tikz@fig@count=\count312
 (C:\Users\hp\AppData\Local\Programs\MiKTeX\tex/generic/pgf/modules\pgfmodulematrix.code.tex
File: pgfmodulematrix.code.tex 2025-08-29 v3.1.11a (3.1.11a)
\pgfmatrixcurrentrow=\count313
\pgfmatrixcurrentcolumn=\count314
\pgf@matrix@numberofcolumns=\count315
)
\tikz@expandcount=\count316
 (C:\Users\hp\AppData\Local\Programs\MiKTeX\tex/generic/pgf/frontendlayer/tikz/libraries\tikzlibrarytopaths.code.tex
File: tikzlibrarytopaths.code.tex 2025-08-29 v3.1.11a (3.1.11a)
))) (C:\Users\hp\AppData\Local\Programs\MiKTeX\tex/latex/tocloft\tocloft.sty
Package: tocloft 2017/08/31 v2.3i parameterised ToC, etc., typesetting
Package tocloft Info: The document has chapter divisions on input line 51.
\cftparskip=\skip57
\cftbeforetoctitleskip=\skip58
\cftaftertoctitleskip=\skip59
\cftbeforepartskip=\skip60
\cftpartnumwidth=\skip61
\cftpartindent=\skip62
\cftbeforechapskip=\skip63
\cftchapindent=\skip64
\cftchapnumwidth=\skip65
\cftbeforesecskip=\skip66
\cftsecindent=\skip67
\cftsecnumwidth=\skip68
\cftbeforesubsecskip=\skip69
\cftsubsecindent=\skip70
\cftsubsecnumwidth=\skip71
\cftbeforesubsubsecskip=\skip72
\cftsubsubsecindent=\skip73
\cftsubsubsecnumwidth=\skip74
\cftbeforeparaskip=\skip75
\cftparaindent=\skip76
\cftparanumwidth=\skip77
\cftbeforesubparaskip=\skip78
\cftsubparaindent=\skip79
\cftsubparanumwidth=\skip80
\cftbeforeloftitleskip=\skip81
\cftafterloftitleskip=\skip82
\cftbeforefigskip=\skip83
\cftfigindent=\skip84
\cftfignumwidth=\skip85
\c@lofdepth=\count317
\c@lotdepth=\count318
\cftbeforelottitleskip=\skip86
\cftafterlottitleskip=\skip87
\cftbeforetabskip=\skip88
\cfttabindent=\skip89
\cfttabnumwidth=\skip90
) (C:\Users\hp\AppData\Local\Programs\MiKTeX\tex/latex/natbib\natbib.sty
Package: natbib 2010/09/13 8.31b (PWD, AO)
\bibhang=\skip91
\bibsep=\skip92
LaTeX Info: Redefining \cite on input line 694.
\c@NAT@ctr=\count319
) (C:\Users\hp\AppData\Local\Programs\MiKTeX\tex/latex/emptypage\emptypage.sty
Package: emptypage 2010/05/30 v1.2 Suppress page numbers and headings on empty pages
) (C:\Users\hp\AppData\Local\Programs\MiKTeX\tex/latex/fancyhdr\fancyhdr.sty
Package: fancyhdr 2025/02/07 v5.2 Extensive control of page headers and footers
\f@nch@headwidth=\skip93
\f@nch@offset@elh=\skip94
\f@nch@offset@erh=\skip95
\f@nch@offset@olh=\skip96
\f@nch@offset@orh=\skip97
\f@nch@offset@elf=\skip98
\f@nch@offset@erf=\skip99
\f@nch@offset@olf=\skip100
\f@nch@offset@orf=\skip101
\f@nch@height=\skip102
\f@nch@footalignment=\skip103
\f@nch@widthL=\skip104
\f@nch@widthC=\skip105
\f@nch@widthR=\skip106
\@temptokenb=\toks42
) (C:\Users\hp\AppData\Local\Programs\MiKTeX\tex/latex/amsfonts\eucal.sty
Package: eucal 2009/06/22 v3.00 Euler Script fonts
LaTeX Font Info:    Overwriting math alphabet `\EuScript' in version `bold'
(Font)                  U/eus/m/n --> U/eus/b/n on input line 33.
) (C:\Users\hp\AppData\Local\Programs\MiKTeX\tex/generic/soul\soul.sty
Package: soul 2023-06-14 v3.1 Permit use of UTF-8 characters in soul (HO)
 (C:\Users\hp\AppData\Local\Programs\MiKTeX\tex/generic/soul\soul-ori.sty
Package: soul-ori 2023-06-14 v3.1 letterspacing/underlining (mf)
\SOUL@word=\toks43
\SOUL@lasttoken=\toks44
\SOUL@syllable=\toks45
\SOUL@cmds=\toks46
\SOUL@buffer=\toks47
\SOUL@token=\toks48
\SOUL@syllgoal=\dimen266
\SOUL@syllwidth=\dimen267
\SOUL@charkern=\dimen268
\SOUL@hyphkern=\dimen269
\SOUL@dimen=\dimen270
\SOUL@dimeni=\dimen271
\SOUL@minus=\count320
\SOUL@comma=\count321
\SOUL@apo=\count322
\SOUL@grave=\count323
\SOUL@spaceskip=\skip107
\SOUL@ttwidth=\dimen272
\SOUL@uldp=\dimen273
\SOUL@ulht=\dimen274
) (C:\Users\hp\AppData\Local\Programs\MiKTeX\tex/generic/infwarerr\infwarerr.sty
Package: infwarerr 2019/12/03 v1.5 Providing info/warning/error messages (HO)
) (C:\Users\hp\AppData\Local\Programs\MiKTeX\tex/generic/etexcmds\etexcmds.sty
Package: etexcmds 2019/12/15 v1.7 Avoid name clashes with e-TeX commands (HO)
 (C:\Users\hp\AppData\Local\Programs\MiKTeX\tex/generic/iftex\iftex.sty
Package: iftex 2024/12/12 v1.0g TeX engine tests
))) (C:\Users\hp\AppData\Local\Programs\MiKTeX\tex/generic/babel\babel.sty
Package: babel 2025/10/01 v25.13 The multilingual framework for LuaLaTeX, pdfLaTeX and XeLaTeX
\babel@savecnt=\count324
LaTeX Encoding Info:    Redeclaring text command \ij (encoding OT1) on input line 2045.
LaTeX Encoding Info:    Redeclaring text command \IJ (encoding OT1) on input line 2047.
LaTeX Encoding Info:    Redeclaring text command \ij (encoding T1) on input line 2049.
LaTeX Encoding Info:    Redeclaring text command \IJ (encoding T1) on input line 2050.
LaTeX Encoding Info:    Ignoring declaration for text command \ij (encoding ?) on input line 2051.
LaTeX Encoding Info:    Ignoring declaration for text command \IJ (encoding ?) on input line 2053.
LaTeX Encoding Info:    Ignoring declaration for text command \SS (encoding ?) on input line 2078.
\U@D=\dimen275
\l@unhyphenated=\language79
 (C:\Users\hp\AppData\Local\Programs\MiKTeX\tex/generic/babel\txtbabel.def)
\bbl@readstream=\read3
\bbl@dirlevel=\count325

*************************************
* Local config file bblopts.cfg used
*
(C:\Users\hp\AppData\Local\Programs\MiKTeX\tex/latex/arabi\bblopts.cfg
File: bblopts.cfg 2005/09/08 v0.1 add Arabic and Farsi to "declared" options of babel
) (C:\Users\hp\AppData\Local\Programs\MiKTeX\tex/latex/babel-english\english.ldf
Language: english 2017/06/06 v3.3r English support from the babel system
 (C:\Users\hp\AppData\Local\Programs\MiKTeX\tex/generic/babel/locale/en\babel-english.tex
Package babel Info: Importing font and identification data for english
(babel)             from babel-en.ini. Reported on input line 12.
)
Package babel Info: Hyphen rules for 'canadian' set to \l@english
(babel)             (\language0). Reported on input line 102.
Package babel Info: Hyphen rules for 'australian' set to \l@ukenglish
(babel)             (\language73). Reported on input line 105.
Package babel Info: Hyphen rules for 'newzealand' set to \l@ukenglish
(babel)             (\language73). Reported on input line 108.
)) (C:\Users\hp\AppData\Local\Programs\MiKTeX\tex/latex/etoolbox\etoolbox.sty
Package: etoolbox 2025/10/02 v2.5m e-TeX tools for LaTeX (JAW)
\etb@tempcnta=\count326
) (C:\Users\hp\AppData\Local\Programs\MiKTeX\tex/latex/footmisc\footmisc.sty
Package: footmisc 2025/05/09 v7.0b a miscellany of footnote facilities
\FN@temptoken=\toks49
\footnotemargin=\dimen276
 (C:\Users\hp\AppData\Local\Programs\MiKTeX\tex/latex/bigfoot\perpage.sty
Package: perpage 2014/10/25 2.0 Reset/sort counters per page
\c@abspage=\count327
)
\c@pp@a@footnote=\count328
Package footmisc Info: Declaring symbol style bringhurst on input line 549.
Package footmisc Info: Declaring symbol style chicago on input line 557.
Package footmisc Info: Declaring symbol style wiley on input line 566.
Package footmisc Info: Declaring symbol style lamport-robust on input line 577.
Package footmisc Info: Declaring symbol style lamport* on input line 597.
Package footmisc Info: Declaring symbol style lamport*-robust on input line 618.
) (C:\Users\hp\AppData\Local\Programs\MiKTeX\tex/latex/base\ifthen.sty
Package: ifthen 2024/03/16 v1.1e Standard LaTeX ifthen package (DPC)
) (C:\Users\hp\AppData\Local\Programs\MiKTeX\tex/generic/iftex\ifpdf.sty
Package: ifpdf 2019/10/25 v3.4 ifpdf legacy package. Use iftex instead.
) (C:\Users\hp\AppData\Local\Programs\MiKTeX\tex/latex/base\inputenc.sty
Package: inputenc 2024/02/08 v1.3d Input encoding file
\inpenc@prehook=\toks50
\inpenc@posthook=\toks51
) (C:\Users\hp\AppData\Local\Programs\MiKTeX\tex/latex/graphics\epsfig.sty
Package: epsfig 2024/01/14 v1.7b (e)psfig emulation (SPQR)
\epsfxsize=\dimen277
\epsfysize=\dimen278
) (C:\Users\hp\AppData\Local\Programs\MiKTeX\tex/latex/setspace\setspace.sty
Package: setspace 2022/12/04 v6.7b set line spacing
) (C:\Users\hp\AppData\Local\Programs\MiKTeX\tex/latex/geometry\geometry.sty
Package: geometry 2020/01/02 v5.9 Page Geometry
 (C:\Users\hp\AppData\Local\Programs\MiKTeX\tex/generic/iftex\ifvtex.sty
Package: ifvtex 2019/10/25 v1.7 ifvtex legacy package. Use iftex instead.
)
\Gm@cnth=\count329
\Gm@cntv=\count330
\c@Gm@tempcnt=\count331
\Gm@bindingoffset=\dimen279
\Gm@wd@mp=\dimen280
\Gm@odd@mp=\dimen281
\Gm@even@mp=\dimen282
\Gm@layoutwidth=\dimen283
\Gm@layoutheight=\dimen284
\Gm@layouthoffset=\dimen285
\Gm@layoutvoffset=\dimen286
\Gm@dimlist=\toks52
 (C:\Users\hp\AppData\Local\Programs\MiKTeX\tex/latex/geometry\geometry.cfg)) (C:\Users\hp\AppData\Local\Programs\MiKTeX\tex/latex/hyperref\hyperref.sty
Package: hyperref 2025-07-12 v7.01o Hypertext links for LaTeX
 (C:\Users\hp\AppData\Local\Programs\MiKTeX\tex/latex/kvsetkeys\kvsetkeys.sty
Package: kvsetkeys 2022-10-05 v1.19 Key value parser (HO)
) (C:\Users\hp\AppData\Local\Programs\MiKTeX\tex/generic/kvdefinekeys\kvdefinekeys.sty
Package: kvdefinekeys 2019-12-19 v1.6 Define keys (HO)
) (C:\Users\hp\AppData\Local\Programs\MiKTeX\tex/generic/pdfescape\pdfescape.sty
Package: pdfescape 2019/12/09 v1.15 Implements pdfTeX's escape features (HO)
 (C:\Users\hp\AppData\Local\Programs\MiKTeX\tex/generic/ltxcmds\ltxcmds.sty
Package: ltxcmds 2023-12-04 v1.26 LaTeX kernel commands for general use (HO)
) (C:\Users\hp\AppData\Local\Programs\MiKTeX\tex/generic/pdftexcmds\pdftexcmds.sty
Package: pdftexcmds 2020-06-27 v0.33 Utility functions of pdfTeX for LuaTeX (HO)
Package pdftexcmds Info: \pdf@primitive is available.
Package pdftexcmds Info: \pdf@ifprimitive is available.
Package pdftexcmds Info: \pdfdraftmode found.
)) (C:\Users\hp\AppData\Local\Programs\MiKTeX\tex/latex/hycolor\hycolor.sty
Package: hycolor 2020-01-27 v1.10 Color options for hyperref/bookmark (HO)
) (C:\Users\hp\AppData\Local\Programs\MiKTeX\tex/latex/hyperref\nameref.sty
Package: nameref 2025-06-21 v2.57 Cross-referencing by name of section
 (C:\Users\hp\AppData\Local\Programs\MiKTeX\tex/latex/refcount\refcount.sty
Package: refcount 2019/12/15 v3.6 Data extraction from label references (HO)
) (C:\Users\hp\AppData\Local\Programs\MiKTeX\tex/generic/gettitlestring\gettitlestring.sty
Package: gettitlestring 2019/12/15 v1.6 Cleanup title references (HO)
 (C:\Users\hp\AppData\Local\Programs\MiKTeX\tex/latex/kvoptions\kvoptions.sty
Package: kvoptions 2022-06-15 v3.15 Key value format for package options (HO)
))
\c@section@level=\count332
) (C:\Users\hp\AppData\Local\Programs\MiKTeX\tex/generic/stringenc\stringenc.sty
Package: stringenc 2019/11/29 v1.12 Convert strings between diff. encodings (HO)
)
\@linkdim=\dimen287
\Hy@linkcounter=\count333
\Hy@pagecounter=\count334
 (C:\Users\hp\AppData\Local\Programs\MiKTeX\tex/latex/hyperref\pd1enc.def
File: pd1enc.def 2025-07-12 v7.01o Hyperref: PDFDocEncoding definition (HO)
Now handling font encoding PD1 ...
... no UTF-8 mapping file for font encoding PD1
) (C:\Users\hp\AppData\Local\Programs\MiKTeX\tex/generic/intcalc\intcalc.sty
Package: intcalc 2019/12/15 v1.3 Expandable calculations with integers (HO)
)
\Hy@SavedSpaceFactor=\count335
 (C:\Users\hp\AppData\Local\Programs\MiKTeX\tex/latex/hyperref\puenc.def
File: puenc.def 2025-07-12 v7.01o Hyperref: PDF Unicode definition (HO)
Now handling font encoding PU ...
... no UTF-8 mapping file for font encoding PU
)
Package hyperref Info: Option `bookmarks' set `true' on input line 4066.
Package hyperref Info: Option `bookmarksopen' set `true' on input line 4066.
Package hyperref Info: Option `bookmarksnumbered' set `true' on input line 4066.
Package hyperref Info: Option `breaklinks' set `true' on input line 4066.
Package hyperref Info: Option `linktocpage' set `true' on input line 4066.
Package hyperref Info: Option `ocgcolorlinks' set `true' on input line 4066.
Package hyperref Info: Option `colorlinks' set `true' on input line 4066.
Package hyperref Info: Option `hyperindex' set `true' on input line 4066.
Package hyperref Info: Option `hyperfigures' set `true' on input line 4066.
Package hyperref Info: Hyper figures ON on input line 4193.
Package hyperref Info: Link nesting OFF on input line 4200.
Package hyperref Info: Hyper index ON on input line 4203.
Package hyperref Info: Plain pages OFF on input line 4210.
Package hyperref Info: Backreferencing OFF on input line 4215.
Package hyperref Info: Implicit mode ON; LaTeX internals redefined.
Package hyperref Info: Bookmarks ON on input line 4462.
\c@Hy@tempcnt=\count336
 (C:\Users\hp\AppData\Local\Programs\MiKTeX\tex/latex/url\url.sty
\Urlmuskip=\muskip18
Package: url 2013/09/16  ver 3.4  Verb mode for urls, etc.
)
LaTeX Info: Redefining \url on input line 4801.
\XeTeXLinkMargin=\dimen288
 (C:\Users\hp\AppData\Local\Programs\MiKTeX\tex/generic/bitset\bitset.sty
Package: bitset 2019/12/09 v1.3 Handle bit-vector datatype (HO)
 (C:\Users\hp\AppData\Local\Programs\MiKTeX\tex/generic/bigintcalc\bigintcalc.sty
Package: bigintcalc 2019/12/15 v1.5 Expandable calculations on big integers (HO)
))
\Fld@menulength=\count337
\Field@Width=\dimen289
\Fld@charsize=\dimen290
Package hyperref Info: Hyper figures ON on input line 6076.
Package hyperref Info: Link nesting OFF on input line 6083.
Package hyperref Info: Hyper index ON on input line 6086.
Package hyperref Info: backreferencing OFF on input line 6093.
Package hyperref Info: Link coloring ON on input line 6096.
Package hyperref Info: Link coloring with OCG ON on input line 6101.
Package hyperref Info: PDF/A mode OFF on input line 6108.
\Hy@abspage=\count338
\c@Item=\count339
\c@Hfootnote=\count340
)
Package hyperref Info: Driver (autodetected): hpdftex.
 (C:\Users\hp\AppData\Local\Programs\MiKTeX\tex/latex/hyperref\hpdftex.def
File: hpdftex.def 2025-07-12 v7.01o Hyperref driver for pdfTeX
\Fld@listcount=\count341
\c@bookmark@seq@number=\count342
 (C:\Users\hp\AppData\Local\Programs\MiKTeX\tex/latex/rerunfilecheck\rerunfilecheck.sty
Package: rerunfilecheck 2025-06-21 v1.11 Rerun checks for auxiliary files (HO)
 (C:\Users\hp\AppData\Local\Programs\MiKTeX\tex/generic/uniquecounter\uniquecounter.sty
Package: uniquecounter 2019/12/15 v1.4 Provide unlimited unique counter (HO)
)
Package uniquecounter Info: New unique counter `rerunfilecheck' on input line 284.
)
\Hy@SectionHShift=\skip108
)) (C:\Users\hp\AppData\Local\Programs\MiKTeX\tex/latex/hyphenat\hyphenat.sty
Package: hyphenat 2009/09/02 v2.3c hyphenation utilities
\langwohyphens=\language80
LaTeX Info: Redefining \_ on input line 43.
) (C:\Users\hp\AppData\Local\Programs\MiKTeX\tex/latex/microtype\microtype.sty
Package: microtype 2025/07/09 v3.2b Micro-typographical refinements (RS)
\MT@toks=\toks53
\MT@tempbox=\box66
\MT@count=\count343
LaTeX Info: Redefining \noprotrusionifhmode on input line 1087.
LaTeX Info: Redefining \leftprotrusion on input line 1088.
\MT@prot@toks=\toks54
LaTeX Info: Redefining \rightprotrusion on input line 1107.
LaTeX Info: Redefining \textls on input line 1449.
\MT@outer@kern=\dimen291
LaTeX Info: Redefining \microtypecontext on input line 2053.
LaTeX Info: Redefining \textmicrotypecontext on input line 2070.
\MT@listname@count=\count344
 (C:\Users\hp\AppData\Local\Programs\MiKTeX\tex/latex/microtype\microtype-pdftex.def
File: microtype-pdftex.def 2025/07/09 v3.2b Definitions specific to pdftex (RS)
LaTeX Info: Redefining \lsstyle on input line 944.
LaTeX Info: Redefining \lslig on input line 944.
\MT@outer@space=\skip109
)
Package microtype Info: Loading configuration file microtype.cfg.
 (C:\Users\hp\AppData\Local\Programs\MiKTeX\tex/latex/microtype\microtype.cfg
File: microtype.cfg 2025/07/09 v3.2b microtype main configuration file (RS)
)
LaTeX Info: Redefining \microtypesetup on input line 3065.
) (C:\Users\hp\AppData\Local\Programs\MiKTeX\tex/latex/caption\caption.sty
Package: caption 2023/08/05 v3.6o Customizing captions (AR)
 (C:\Users\hp\AppData\Local\Programs\MiKTeX\tex/latex/caption\caption3.sty
Package: caption3 2023/07/31 v2.4d caption3 kernel (AR)
\caption@tempdima=\dimen292
\captionmargin=\dimen293
\caption@leftmargin=\dimen294
\caption@rightmargin=\dimen295
\caption@width=\dimen296
\caption@indent=\dimen297
\caption@parindent=\dimen298
\caption@hangindent=\dimen299
Package caption Info: Standard document class detected.
)
\c@caption@flags=\count345
\c@continuedfloat=\count346
Package caption Info: hyperref package is loaded.
) (C:\Users\hp\AppData\Local\Programs\MiKTeX\tex/latex/blindtext\blindtext.sty
Package: blindtext 2012/01/06 V2.0 blindtext-Package
 (C:\Users\hp\AppData\Local\Programs\MiKTeX\tex/latex/tools\xspace.sty
Package: xspace 2014/10/28 v1.13 Space after command names (DPC,MH)
)
\c@blindtext=\count347
\c@Blindtext=\count348
\c@blind@countparstart=\count349
\blind@countxx=\count350
\blindtext@numBlindtext=\count351
\blind@countyy=\count352
\c@blindlist=\count353
\c@blindlistlevel=\count354
\c@blindlist@level=\count355
\blind@listitem=\count356
\c@blind@listcount=\count357
\c@blind@levelcount=\count358
\blind@mathformula=\count359
\blind@Mathformula=\count360
\c@blind@randomcount=\count361
\c@blind@randommax=\count362
\c@blind@pangramcount=\count363
\c@blind@pangrammax=\count364
) (C:\Users\hp\AppData\Local\Programs\MiKTeX\tex/latex/psnfss\mathptmx.sty
Package: mathptmx 2020/03/25 PSNFSS-v9.3 Times w/ Math, improved (SPQR, WaS) 
LaTeX Font Info:    Redeclaring symbol font `operators' on input line 28.
LaTeX Font Info:    Overwriting symbol font `operators' in version `normal'
(Font)                  OT1/cmr/m/n --> OT1/ztmcm/m/n on input line 28.
LaTeX Font Info:    Overwriting symbol font `operators' in version `bold'
(Font)                  OT1/cmr/bx/n --> OT1/ztmcm/m/n on input line 28.
LaTeX Font Info:    Redeclaring symbol font `letters' on input line 29.
LaTeX Font Info:    Overwriting symbol font `letters' in version `normal'
(Font)                  OML/cmm/m/it --> OML/ztmcm/m/it on input line 29.
LaTeX Font Info:    Overwriting symbol font `letters' in version `bold'
(Font)                  OML/cmm/b/it --> OML/ztmcm/m/it on input line 29.
LaTeX Font Info:    Redeclaring symbol font `symbols' on input line 30.
LaTeX Font Info:    Overwriting symbol font `symbols' in version `normal'
(Font)                  OMS/cmsy/m/n --> OMS/ztmcm/m/n on input line 30.
LaTeX Font Info:    Overwriting symbol font `symbols' in version `bold'
(Font)                  OMS/cmsy/b/n --> OMS/ztmcm/m/n on input line 30.
LaTeX Font Info:    Redeclaring symbol font `largesymbols' on input line 31.
LaTeX Font Info:    Overwriting symbol font `largesymbols' in version `normal'
(Font)                  OMX/cmex/m/n --> OMX/ztmcm/m/n on input line 31.
LaTeX Font Info:    Overwriting symbol font `largesymbols' in version `bold'
(Font)                  OMX/cmex/m/n --> OMX/ztmcm/m/n on input line 31.
\symbold=\mathgroup6
\symitalic=\mathgroup7
LaTeX Font Info:    Redeclaring math alphabet \mathbf on input line 34.
LaTeX Font Info:    Overwriting math alphabet `\mathbf' in version `normal'
(Font)                  OT1/cmr/bx/n --> OT1/ptm/bx/n on input line 34.
LaTeX Font Info:    Overwriting math alphabet `\mathbf' in version `bold'
(Font)                  OT1/cmr/bx/n --> OT1/ptm/bx/n on input line 34.
LaTeX Font Info:    Redeclaring math alphabet \mathit on input line 35.
LaTeX Font Info:    Overwriting math alphabet `\mathit' in version `normal'
(Font)                  OT1/cmr/m/it --> OT1/ptm/m/it on input line 35.
LaTeX Font Info:    Overwriting math alphabet `\mathit' in version `bold'
(Font)                  OT1/cmr/bx/it --> OT1/ptm/m/it on input line 35.
LaTeX Info: Redefining \hbar on input line 50.
) (C:\Users\hp\AppData\Local\Programs\MiKTeX\tex/latex/base\fontenc.sty
Package: fontenc 2024/12/21 v2.1c Standard LaTeX package
LaTeX Font Info:    Trying to load font information for T1+ptm on input line 116.
 (C:\Users\hp\AppData\Local\Programs\MiKTeX\tex/latex/psnfss\t1ptm.fd
File: t1ptm.fd 2001/06/04 font definitions for T1/ptm.
)) (C:\Users\hp\AppData\Local\Programs\MiKTeX\tex/latex/lipsum\lipsum.sty (C:\Users\hp\AppData\Local\Programs\MiKTeX\tex/latex/l3packages/l3keys2e\l3keys2e.sty (C:\Users\hp\AppData\Local\Programs\MiKTeX\tex/latex/l3kernel\expl3.sty
Package: expl3 2025-09-02 L3 programming layer (loader) 
 (C:\Users\hp\AppData\Local\Programs\MiKTeX\tex/latex/l3backend\l3backend-pdftex.def
File: l3backend-pdftex.def 2025-06-09 L3 backend support: PDF output (pdfTeX)
\l__color_backend_stack_int=\count365
))
Package: l3keys2e 2024-08-16 LaTeX2e option processing using LaTeX3 keys
)
Package: lipsum 2021-09-20 v2.7 150 paragraphs of Lorem Ipsum dummy text
\g__lipsum_par_int=\count366
\l__lipsum_a_int=\count367
\l__lipsum_b_int=\count368
 (C:\Users\hp\AppData\Local\Programs\MiKTeX\tex/latex/lipsum\lipsum.ltd.tex)) (C:\Users\hp\AppData\Local\Programs\MiKTeX\tex/latex/sectsty\sectsty.sty
Package: sectsty 2002/02/25 v2.0.2 Commands to change all sectional heading styles


LaTeX Warning: Command \underbar  has changed.
               Check if current package is valid.


LaTeX Warning: Command \underline  has changed.
               Check if current package is valid.

) (C:\Users\hp\AppData\Local\Programs\MiKTeX\tex/latex/titlesec\titlesec.sty
Package: titlesec 2025/01/04 v2.17 Sectioning titles
\ttl@box=\box67
\beforetitleunit=\skip110
\aftertitleunit=\skip111
\ttl@plus=\dimen300
\ttl@minus=\dimen301
\ttl@toksa=\toks55
\titlewidth=\dimen302
\titlewidthlast=\dimen303
\titlewidthfirst=\dimen304
) (C:\Users\hp\AppData\Local\Programs\MiKTeX\tex/latex/tools\tabularx.sty
Package: tabularx 2023/12/11 v2.12a `tabularx' package (DPC)
 (C:\Users\hp\AppData\Local\Programs\MiKTeX\tex/latex/tools\array.sty
Package: array 2025/06/08 v2.6j Tabular extension package (FMi)
\col@sep=\dimen305
\ar@mcellbox=\box68
\extrarowheight=\dimen306
\NC@list=\toks56
\extratabsurround=\skip112
\backup@length=\skip113
\ar@cellbox=\box69
)
\TX@col@width=\dimen307
\TX@old@table=\dimen308
\TX@old@col=\dimen309
\TX@target=\dimen310
\TX@delta=\dimen311
\TX@cols=\count369
\TX@ftn=\toks57
) (C:\Users\hp\AppData\Local\Programs\MiKTeX\tex/latex/tools\longtable.sty
Package: longtable 2024-12-18 v4.23 Multi-page Table package (DPC)
\LTleft=\skip114
\LTright=\skip115
\LTpre=\skip116
\LTpost=\skip117
\LTchunksize=\count370
\LTcapwidth=\dimen312
\LT@head=\box70
\LT@firsthead=\box71
\LT@foot=\box72
\LT@lastfoot=\box73
\LT@gbox=\box74
\LT@cols=\count371
\LT@rows=\count372
\c@LT@tables=\count373
\c@LT@chunks=\count374
\LT@p@ftn=\toks58
) (C:\Users\hp\AppData\Local\Programs\MiKTeX\tex/latex/placeins\placeins.sty
Package: placeins 2005/04/18  v 2.2
) (C:\Users\hp\AppData\Local\Programs\MiKTeX\tex/latex/float\float.sty
Package: float 2001/11/08 v1.3d Float enhancements (AL)
\c@float@type=\count375
\float@exts=\toks59
\float@box=\box75
\@float@everytoks=\toks60
\@floatcapt=\box76
) (C:\Users\hp\AppData\Local\Programs\MiKTeX\tex/latex/listings\listings.sty
\lst@mode=\count376
\lst@gtempboxa=\box77
\lst@token=\toks61
\lst@length=\count377
\lst@currlwidth=\dimen313
\lst@column=\count378
\lst@pos=\count379
\lst@lostspace=\dimen314
\lst@width=\dimen315
\lst@newlines=\count380
\lst@lineno=\count381
\lst@maxwidth=\dimen316
 (C:\Users\hp\AppData\Local\Programs\MiKTeX\tex/latex/listings\lstpatch.sty
File: lstpatch.sty 2024/09/23 1.10c (Carsten Heinz)
) (C:\Users\hp\AppData\Local\Programs\MiKTeX\tex/latex/listings\lstmisc.sty
File: lstmisc.sty 2024/09/23 1.10c (Carsten Heinz)
\c@lstnumber=\count382
\lst@skipnumbers=\count383
\lst@framebox=\box78
) (C:\Users\hp\AppData\Local\Programs\MiKTeX\tex/latex/listings\listings.cfg
File: listings.cfg 2024/09/23 1.10c listings configuration
))
Package: listings 2024/09/23 1.10c (Carsten Heinz)
 (C:\Users\hp\AppData\Local\Programs\MiKTeX\tex/latex/enumitem\enumitem.sty
Package: enumitem 2025/02/06 v3.11 Customized lists
\labelindent=\skip118
\enit@outerparindent=\dimen317
\enit@toks=\toks62
\enit@inbox=\box79
\enit@count@id=\count384
\enitdp@description=\count385
) (thesis.aux (sections/chapter1.aux) (sections/chapter2.aux

LaTeX Warning: Label `uc1' multiply defined.


LaTeX Warning: Label `uc1' multiply defined.


LaTeX Warning: Label `uc1' multiply defined.


LaTeX Warning: Label `uc1' multiply defined.


LaTeX Warning: Label `uc1' multiply defined.


LaTeX Warning: Label `uc1' multiply defined.

) (sections/chapter3.aux) (sections/chapter4.aux) (appendix.aux

LaTeX Warning: Label `fig:usecase3' multiply defined.


LaTeX Warning: Label `fig:usecase3' multiply defined.


LaTeX Warning: Label `fig:usecase3' multiply defined.


LaTeX Warning: Label `fig:usecase3' multiply defined.


LaTeX Warning: Label `fig:usecase3' multiply defined.


LaTeX Warning: Label `fig:usecase3' multiply defined.


LaTeX Warning: Label `fig:usecase3' multiply defined.


LaTeX Warning: Label `fig:usecase3' multiply defined.

))
\openout1 = `thesis.aux'.

LaTeX Font Info:    Checking defaults for OML/cmm/m/it on input line 152.
LaTeX Font Info:    ... okay on input line 152.
LaTeX Font Info:    Checking defaults for OMS/cmsy/m/n on input line 152.
LaTeX Font Info:    ... okay on input line 152.
LaTeX Font Info:    Checking defaults for OT1/cmr/m/n on input line 152.
LaTeX Font Info:    ... okay on input line 152.
LaTeX Font Info:    Checking defaults for T1/cmr/m/n on input line 152.
LaTeX Font Info:    ... okay on input line 152.
LaTeX Font Info:    Checking defaults for TS1/cmr/m/n on input line 152.
LaTeX Font Info:    ... okay on input line 152.
LaTeX Font Info:    Checking defaults for OMX/cmex/m/n on input line 152.
LaTeX Font Info:    ... okay on input line 152.
LaTeX Font Info:    Checking defaults for U/cmr/m/n on input line 152.
LaTeX Font Info:    ... okay on input line 152.
LaTeX Font Info:    Checking defaults for PD1/pdf/m/n on input line 152.
LaTeX Font Info:    ... okay on input line 152.
LaTeX Font Info:    Checking defaults for PU/pdf/m/n on input line 152.
LaTeX Font Info:    ... okay on input line 152.
 (C:\Users\hp\AppData\Local\Programs\MiKTeX\tex/context/base/mkii\supp-pdf.mkii
[Loading MPS to PDF converter (version 2006.09.02).]
\scratchcounter=\count386
\scratchdimen=\dimen318
\scratchbox=\box80
\nofMPsegments=\count387
\nofMParguments=\count388
\everyMPshowfont=\toks63
\MPscratchCnt=\count389
\MPscratchDim=\dimen319
\MPnumerator=\count390
\makeMPintoPDFobject=\count391
\everyMPtoPDFconversion=\toks64
) (C:\Users\hp\AppData\Local\Programs\MiKTeX\tex/latex/epstopdf-pkg\epstopdf-base.sty
Package: epstopdf-base 2020-01-24 v2.11 Base part for package epstopdf
Package epstopdf-base Info: Redefining graphics rule for `.eps' on input line 485.
 (C:\Users\hp\AppData\Local\Programs\MiKTeX\tex/latex/00miktex\epstopdf-sys.cfg
File: epstopdf-sys.cfg 2021/03/18 v2.0 Configuration of epstopdf for MiKTeX
))
*geometry* driver: auto-detecting
*geometry* detected driver: pdftex
*geometry* verbose mode - [ preamble ] result:
* driver: pdftex
* paper: <default>
* layout: <same size as paper>
* layoutoffset:(h,v)=(0.0pt,0.0pt)
* modes: includefoot twoside 
* h-part:(L,W,R)=(85.35826pt, 426.79135pt, 85.35826pt)
* v-part:(T,H,B)=(71.13188pt, 702.78308pt, 71.13188pt)
* \paperwidth=597.50787pt
* \paperheight=845.04684pt
* \textwidth=426.79135pt
* \textheight=672.78308pt
* \oddsidemargin=13.08827pt
* \evensidemargin=13.08827pt
* \topmargin=-33.0119pt
* \headheight=12.0pt
* \headsep=19.8738pt
* \topskip=12.0pt
* \footskip=30.0pt
* \marginparwidth=88.0pt
* \marginparsep=7.0pt
* \columnsep=10.0pt
* \skip\footins=10.8pt plus 4.0pt minus 2.0pt
* \hoffset=0.0pt
* \voffset=0.0pt
* \mag=1000
* \@twocolumnfalse
* \@twosidetrue
* \@mparswitchtrue
* \@reversemarginfalse
* (1in=72.27pt=25.4mm, 1cm=28.453pt)

Package hyperref Info: Option `colorlinks' set `true' on input line 152.
Package hyperref Info: Link coloring ON on input line 152.
(thesis.out) (thesis.out)
\@outlinefile=\write4
\openout4 = `thesis.out'.

LaTeX Info: Redefining \microtypecontext on input line 152.
Package microtype Info: Applying patch `item' on input line 152.
Package microtype Info: Applying patch `toc' on input line 152.
Package microtype Info: Applying patch `eqnum' on input line 152.
Package microtype Info: Applying patch `footnote' on input line 152.
Package microtype Info: Applying patch `verbatim' on input line 152.
LaTeX Info: Redefining \microtypesetup on input line 152.
Package microtype Info: Generating PDF output.
Package microtype Info: Character protrusion enabled (level 2).
Package microtype Info: Using default protrusion set `alltext'.
Package microtype Info: Automatic font expansion enabled (level 2),
(microtype)             stretch: 20, shrink: 20, step: 1, non-selected.
Package microtype Info: Using default expansion set `alltext-nott'.
Package microtype Info: Patching command `\showhyphens'.
Package microtype Info: No adjustment of tracking.
Package microtype Info: No adjustment of interword spacing.
Package microtype Info: No adjustment of character kerning.
 (C:\Users\hp\AppData\Local\Programs\MiKTeX\tex/latex/microtype\mt-ptm.cfg
File: mt-ptm.cfg 2006/04/20 v1.7 microtype config. file: Times (RS)
)
Package caption Info: Begin \AtBeginDocument code.
Package caption Info: float package is loaded.
Package caption Info: listings package is loaded.
Package caption Info: longtable package is loaded.
 (C:\Users\hp\AppData\Local\Programs\MiKTeX\tex/latex/caption\ltcaption.sty
Package: ltcaption 2021/01/08 v1.4c longtable captions (AR)
)
Package caption Info: End \AtBeginDocument code.
\c@lstlisting=\count392
LaTeX Font Info:    Calculating math sizes for size <19> on input line 152.
LaTeX Font Info:    Trying to load font information for OT1+ztmcm on input line 152.
 (C:\Users\hp\AppData\Local\Programs\MiKTeX\tex/latex/psnfss\ot1ztmcm.fd
File: ot1ztmcm.fd 2000/01/03 Fontinst v1.801 font definitions for OT1/ztmcm.
)
Package microtype Info: Loading generic protrusion settings for font family
(microtype)             `ztmcm' (encoding: OT1).
(microtype)             For optimal results, create family-specific settings.
(microtype)             See the microtype manual for details.
LaTeX Font Info:    Trying to load font information for OML+ztmcm on input line 152.
 (C:\Users\hp\AppData\Local\Programs\MiKTeX\tex/latex/psnfss\omlztmcm.fd
File: omlztmcm.fd 2000/01/03 Fontinst v1.801 font definitions for OML/ztmcm.
)
LaTeX Font Info:    Trying to load font information for OMS+ztmcm on input line 152.
 (C:\Users\hp\AppData\Local\Programs\MiKTeX\tex/latex/psnfss\omsztmcm.fd
File: omsztmcm.fd 2000/01/03 Fontinst v1.801 font definitions for OMS/ztmcm.
)
LaTeX Font Info:    Trying to load font information for OMX+ztmcm on input line 152.
 (C:\Users\hp\AppData\Local\Programs\MiKTeX\tex/latex/psnfss\omxztmcm.fd
File: omxztmcm.fd 2000/01/03 Fontinst v1.801 font definitions for OMX/ztmcm.
) (C:\Users\hp\AppData\Local\Programs\MiKTeX\tex/latex/microtype\mt-msa.cfg
File: mt-msa.cfg 2006/02/04 v1.1 microtype config. file: AMS symbols (a) (RS)
) (C:\Users\hp\AppData\Local\Programs\MiKTeX\tex/latex/microtype\mt-msb.cfg
File: mt-msb.cfg 2005/06/01 v1.0 microtype config. file: AMS symbols (b) (RS)
)
LaTeX Font Info:    Trying to load font information for OT1+ptm on input line 152.
 (C:\Users\hp\AppData\Local\Programs\MiKTeX\tex/latex/psnfss\ot1ptm.fd
File: ot1ptm.fd 2001/06/04 font definitions for OT1/ptm.
)
LaTeX Font Info:    Font shape `OT1/ptm/bx/n' in size <19> not available
(Font)              Font shape `OT1/ptm/b/n' tried instead on input line 152.
LaTeX Font Info:    Font shape `OT1/ptm/bx/n' in size <14.0601> not available
(Font)              Font shape `OT1/ptm/b/n' tried instead on input line 152.
LaTeX Font Info:    Font shape `OT1/ptm/bx/n' in size <11.40012> not available
(Font)              Font shape `OT1/ptm/b/n' tried instead on input line 152.
<ThesisFigs/FASTLogo.jpg, id=233, 325.96782pt x 321.45094pt>
File: ThesisFigs/FASTLogo.jpg Graphic file (type jpg)
<use ThesisFigs/FASTLogo.jpg>
Package pdftex.def Info: ThesisFigs/FASTLogo.jpg  used on input line 152.
(pdftex.def)             Requested size: 128.0387pt x 126.26787pt.


[1

{C:/Users/hp/AppData/Local/MiKTeX/fonts/map/pdftex/pdftex.map}{C:/Users/hp/AppData/Local/Programs/MiKTeX/fonts/enc/dvips/base/8r.enc} <./ThesisFigs/FASTLogo.jpg>] (thesis.toc
LaTeX Font Info:    Font shape `OT1/ptm/bx/n' in size <12> not available
(Font)              Font shape `OT1/ptm/b/n' tried instead on input line 2.
LaTeX Font Info:    Font shape `OT1/ptm/bx/n' in size <9> not available
(Font)              Font shape `OT1/ptm/b/n' tried instead on input line 2.
LaTeX Font Info:    Font shape `OT1/ptm/bx/n' in size <7> not available
(Font)              Font shape `OT1/ptm/b/n' tried instead on input line 2.


[2

])
\tf@toc=\write5
\openout5 = `thesis.toc'.




Package fancyhdr Warning: \headheight is too small (12.0pt): 
(fancyhdr)                Make it at least 13.59999pt, for example:
(fancyhdr)                \setlength{\headheight}{13.59999pt}.
(fancyhdr)                You might also make \topmargin smaller:
(fancyhdr)                \addtolength{\topmargin}{-1.59999pt}.

[3] (thesis.lof)
\tf@lof=\write6
\openout6 = `thesis.lof'.



[4

] (thesis.lot)
\tf@lot=\write7
\openout7 = `thesis.lot'.



[0

]
\openout2 = `sections/chapter1.aux'.

 (sections/chapter1.tex
Chapter 1.
LaTeX Font Info:    Trying to load font information for TS1+ptm on input line 24.
(C:\Users\hp\AppData\Local\Programs\MiKTeX\tex/latex/psnfss\ts1ptm.fd
File: ts1ptm.fd 2001/06/04 font definitions for TS1/ptm.
)


pdfTeX warning (ext4): destination with the same identifier (name{page.1}) has been already used, duplicate ignored
<to be read again> 
                   \relax 
l.25 
      [1


]
Underfull \hbox (badness 10000) in paragraph at lines 37--37
[]|\T1/ptm/m/n/12 (+20) Proprietary CNN-based
 []


Underfull \hbox (badness 3525) in paragraph at lines 42--42
\T1/ptm/m/n/12 (+20) i-tor-ing; lim-ited but no
 []




pdfTeX warning (ext4): destination with the same identifier (name{page.2}) has been already used, duplicate ignored
<to be read again> 
                   \relax 
l.57     \item \textbf
                      {Comprehensive Automation:} By combining real-time and... [2]
<sections/cheating_reduction_foreSyte.png, id=433, 608.7543pt x 380.1402pt>
File: sections/cheating_reduction_foreSyte.png Graphic file (type png)
<use sections/cheating_reduction_foreSyte.png>
Package pdftex.def Info: sections/cheating_reduction_foreSyte.png  used on input line 90.
(pdftex.def)             Requested size: 341.43437pt x 213.20767pt.



pdfTeX warning (ext4): destination with the same identifier (name{page.3}) has been already used, duplicate ignored
<to be read again> 
                   \relax 
l.94 
      [3]
<sections/piechart.png, id=438, 853.1875pt x 592.2125pt>
File: sections/piechart.png Graphic file (type png)
<use sections/piechart.png>
Package pdftex.def Info: sections/piechart.png  used on input line 97.
(pdftex.def)             Requested size: 298.75264pt x 207.36784pt.
<sections/flowchart.png, id=443, 2277.50874pt x 849.1725pt>
File: sections/flowchart.png Graphic file (type png)
<use sections/flowchart.png>
Package pdftex.def Info: sections/flowchart.png  used on input line 111.
(pdftex.def)             Requested size: 384.1096pt x 143.20421pt.


LaTeX Warning: `h' float specifier changed to `ht'.




pdfTeX warning (ext4): destination with the same identifier (name{page.4}) has been already used, duplicate ignored
<to be read again> 
                   \relax 
l.121 
       [4 <./sections/cheating_reduction_foreSyte.png> <./sections/piechart.png>]

[5 <./sections/flowchart.png>]

[6])

[7]
\openout2 = `sections/chapter2.aux'.

 (sections/chapter2.tex

[8




]
Chapter 2.

Underfull \hbox (badness 6658) in paragraph at lines 18--18
[]|\T1/ptm/m/n/12 (+20) Monitor Stu-dent Be-
 []


Underfull \hbox (badness 1917) in paragraph at lines 19--19
[]|\T1/ptm/m/n/12 (+20) System pro-cesses live and recorded video
 []


Overfull \hbox (8.55702pt too wide) in paragraph at lines 10--21
 [][] 
 []



[9]
Overfull \hbox (25.19997pt too wide) in alignment at lines 31--59
 [] [] 
 []



[10

]
Overfull \hbox (25.19997pt too wide) in alignment at lines 65--93
 [] [] 
 []



[11

]
Overfull \hbox (25.19997pt too wide) in alignment at lines 99--126
 [] [] 
 []



[12

]
Overfull \hbox (25.19997pt too wide) in alignment at lines 132--158
 [] [] 
 []



[13

]
Overfull \hbox (25.19997pt too wide) in alignment at lines 164--191
 [] [] 
 []



[14

]
Overfull \hbox (25.19997pt too wide) in alignment at lines 197--223
 [] [] 
 []



[15

]
Overfull \hbox (25.19997pt too wide) in alignment at lines 229--256
 [] [] 
 []



[16

]
<sections/usecase.png, id=523, 670.505pt x 654.445pt>
File: sections/usecase.png Graphic file (type png)
<use sections/usecase.png>
Package pdftex.def Info: sections/usecase.png  used on input line 266.
(pdftex.def)             Requested size: 426.79135pt x 416.56656pt.

Overfull \hbox (53.16745pt too wide) in paragraph at lines 280--289
 [][] 
 []


Underfull \vbox (badness 6825) has occurred while \output is active []



[17

 <./sections/usecase.png>]
Overfull \hbox (53.16745pt too wide) in paragraph at lines 297--306
 [][] 
 []


Overfull \hbox (53.16745pt too wide) in paragraph at lines 314--323
 [][] 
 []


Overfull \hbox (53.16745pt too wide) in paragraph at lines 331--340
 [][] 
 []


Underfull \vbox (badness 1533) has occurred while \output is active []



[18]
Overfull \hbox (53.16745pt too wide) in paragraph at lines 348--357
 [][] 
 []


Overfull \hbox (53.16745pt too wide) in paragraph at lines 365--374
 [][] 
 []


Overfull \hbox (53.16745pt too wide) in paragraph at lines 382--391
 [][] 
 []



[19]
Overfull \hbox (53.16745pt too wide) in paragraph at lines 399--408
 [][] 
 []



[20]

[21]

[22]

[23]

[24])
\openout2 = `sections/chapter3.aux'.

 (sections/chapter3.tex
Chapter 3.


[25





]
<sections/box-line.drawio.png, id=610, 643.40375pt x 171.64125pt>
File: sections/box-line.drawio.png Graphic file (type png)
<use sections/box-line.drawio.png>
Package pdftex.def Info: sections/box-line.drawio.png  used on input line 16.
(pdftex.def)             Requested size: 362.77525pt x 96.78104pt.
<sections/foresyte-architecture-style.drawio.png, id=612, 1406.25375pt x 533.995pt>
File: sections/foresyte-architecture-style.drawio.png Graphic file (type png)
<use sections/foresyte-architecture-style.drawio.png>
Package pdftex.def Info: sections/foresyte-architecture-style.drawio.png  used on input line 28.
(pdftex.def)             Requested size: 426.79135pt x 162.0575pt.

Underfull \vbox (badness 10000) has occurred while \output is active []



[26 <./sections/box-line.drawio.png>]

[27 <./sections/foresyte-architecture-style.drawio.png>]
<sections/DFD_Level0.drawio.png, id=625, 875.27pt x 342.27875pt>
File: sections/DFD_Level0.drawio.png Graphic file (type png)
<use sections/DFD_Level0.drawio.png>
Package pdftex.def Info: sections/DFD_Level0.drawio.png  used on input line 73.
(pdftex.def)             Requested size: 426.79135pt x 166.89807pt.

Underfull \vbox (badness 3872) has occurred while \output is active []



[28]
<sections/DFD_Level1.drawio.png, id=631, 753.81625pt x 643.40375pt>
File: sections/DFD_Level1.drawio.png Graphic file (type png)
<use sections/DFD_Level1.drawio.png>
Package pdftex.def Info: sections/DFD_Level1.drawio.png  used on input line 83.
(pdftex.def)             Requested size: 426.79135pt x 364.26993pt.

Underfull \vbox (badness 10000) has occurred while \output is active []



[29 <./sections/DFD_Level0.drawio.png>]
<sections/domain-model.png, id=638, 884.30376pt x 673.51625pt>
File: sections/domain-model.png Graphic file (type png)
<use sections/domain-model.png>
Package pdftex.def Info: sections/domain-model.png  used on input line 106.
(pdftex.def)             Requested size: 426.79135pt x 325.06204pt.


[30 <./sections/DFD_Level1.drawio.png>]
<sections/class-diagram.png, id=649, 1003.75pt x 882.29625pt>
File: sections/class-diagram.png Graphic file (type png)
<use sections/class-diagram.png>
Package pdftex.def Info: sections/class-diagram.png  used on input line 120.
(pdftex.def)             Requested size: 426.79135pt x 375.1527pt.

Underfull \vbox (badness 5105) has occurred while \output is active []



[31 <./sections/domain-model.png>]

[32 <./sections/class-diagram.png>]
<sections/activity-diagram.png, id=661, 660.4675pt x 1069.9975pt>
File: sections/activity-diagram.png Graphic file (type png)
<use sections/activity-diagram.png>
Package pdftex.def Info: sections/activity-diagram.png  used on input line 131.
(pdftex.def)             Requested size: 340.55272pt x 551.68704pt.

Underfull \vbox (badness 10000) has occurred while \output is active []



[33

 <./sections/activity-diagram.png>]

pdfTeX warning: pdflatex (file ./sections/uc01.pdf): PDF inclusion: found PDF version <1.7>, but at most version <1.5> allowed
<sections/uc01.pdf, id=667, 614.295pt x 794.97pt>
File: sections/uc01.pdf Graphic file (type pdf)
<use sections/uc01.pdf>
Package pdftex.def Info: sections/uc01.pdf  used on input line 147.
(pdftex.def)             Requested size: 426.79787pt x 552.32666pt.


[34 <./sections/uc01.pdf>]

pdfTeX warning: pdflatex (file ./sections/uc02.pdf): PDF inclusion: found PDF version <1.7>, but at most version <1.5> allowed
<sections/uc02.pdf, id=681, 614.295pt x 794.97pt>
File: sections/uc02.pdf Graphic file (type pdf)
<use sections/uc02.pdf>
Package pdftex.def Info: sections/uc02.pdf  used on input line 156.
(pdftex.def)             Requested size: 426.79787pt x 552.32666pt.


[35 <./sections/uc02.pdf>]

pdfTeX warning: pdflatex (file ./sections/uc03.pdf): PDF inclusion: found PDF version <1.7>, but at most version <1.5> allowed
<sections/uc03.pdf, id=695, 614.295pt x 794.97pt>
File: sections/uc03.pdf Graphic file (type pdf)
<use sections/uc03.pdf>
Package pdftex.def Info: sections/uc03.pdf  used on input line 165.
(pdftex.def)             Requested size: 467.90012pt x 605.50066pt.

Overfull \hbox (41.10876pt too wide) in paragraph at lines 165--166
 [][] 
 []



[36 <./sections/uc03.pdf>]

pdfTeX warning: pdflatex (file ./sections/uc04.pdf): PDF inclusion: found PDF version <1.7>, but at most version <1.5> allowed
<sections/uc04.pdf, id=709, 614.295pt x 794.97pt>
File: sections/uc04.pdf Graphic file (type pdf)
<use sections/uc04.pdf>
Package pdftex.def Info: sections/uc04.pdf  used on input line 173.
(pdftex.def)             Requested size: 426.79787pt x 552.32666pt.


[37 <./sections/uc04.pdf>]

pdfTeX warning: pdflatex (file ./sections/uc05.pdf): PDF inclusion: found PDF version <1.7>, but at most version <1.5> allowed
<sections/uc05.pdf, id=728, 614.295pt x 794.97pt>
File: sections/uc05.pdf Graphic file (type pdf)
<use sections/uc05.pdf>
Package pdftex.def Info: sections/uc05.pdf  used on input line 182.
(pdftex.def)             Requested size: 426.79787pt x 552.32666pt.


[38 <./sections/uc05.pdf>]

pdfTeX warning: pdflatex (file ./sections/uc06.pdf): PDF inclusion: found PDF version <1.7>, but at most version <1.5> allowed
<sections/uc06.pdf, id=748, 614.295pt x 794.97pt>
File: sections/uc06.pdf Graphic file (type pdf)
<use sections/uc06.pdf>
Package pdftex.def Info: sections/uc06.pdf  used on input line 192.
(pdftex.def)             Requested size: 426.79787pt x 552.32666pt.


[39 <./sections/uc06.pdf>]

pdfTeX warning: pdflatex (file ./sections/uc077.pdf): PDF inclusion: found PDF version <1.7>, but at most version <1.5> allowed
<sections/uc077.pdf, id=767, 614.295pt x 794.97pt>
File: sections/uc077.pdf Graphic file (type pdf)
<use sections/uc077.pdf>
Package pdftex.def Info: sections/uc077.pdf  used on input line 202.
(pdftex.def)             Requested size: 426.79787pt x 552.32666pt.


[40 <./sections/uc077.pdf>]
<sections/std.jpg, id=781, 638.385pt x 834.11626pt>
File: sections/std.jpg Graphic file (type jpg)
<use sections/std.jpg>
Package pdftex.def Info: sections/std.jpg  used on input line 212.
(pdftex.def)             Requested size: 426.79135pt x 557.64587pt.
)

[41







 <./sections/std.jpg>]

[42]
\openout2 = `sections/chapter4.aux'.

 (sections/chapter4.tex
Chapter 4.
Package microtype Info: Loading generic protrusion settings for font family
(microtype)             `cmtt' (encoding: T1).
(microtype)             For optimal results, create family-specific settings.
(microtype)             See the microtype manual for details.


[43




]
LaTeX Font Info:    Font shape `T1/cmtt/bx/n' in size <12> not available
(Font)              Font shape `T1/cmtt/m/n' tried instead on input line 49.


[44]
Underfull \hbox (badness 1057) in paragraph at lines 73--74
\T1/cmtt/m/n/12 /{id}\T1/ptm/m/n/12 (+20) ) op-er-ate on the \T1/cmtt/m/n/12 Report \T1/ptm/m/n/12 (+20) model and val-i-date re-lated \T1/cmtt/m/n/12 Violation \T1/ptm/m/n/12 (+20) and
 []



[45]

[46]
Underfull \hbox (badness 7273) in paragraph at lines 109--110
[]\T1/ptm/b/n/12 (+20) Return Struc-tured Re-sponse: \T1/ptm/m/n/12 (+20) Pack-age all cal-cu-lated val-ues into a
 []



[47]

[48]
LaTeX Font Info:    Font shape `T1/cmtt/bx/n' in size <10> not available
(Font)              Font shape `T1/cmtt/m/n' tried instead on input line 157.


[49]
Underfull \vbox (badness 10000) has occurred while \output is active []



[50]
Underfull \vbox (badness 10000) has occurred while \output is active []



[51]

[52]
Overfull \hbox (26.62059pt too wide) in paragraph at lines 346--346
[]|\T1/ptm/b/n/12 (-20) Objective| 
 []


Overfull \hbox (47.56544pt too wide) in paragraph at lines 346--346
[]|\T1/ptm/b/n/12 (-20) Preconditions| 
 []


Overfull \hbox (5.31645pt too wide) in paragraph at lines 346--346
[]|\T1/ptm/b/n/12 (-20) Steps| 
 []


Underfull \hbox (badness 10000) in paragraph at lines 346--346
[]|\T1/ptm/b/n/12 (+20) Test
 []


Overfull \hbox (2.69427pt too wide) in paragraph at lines 346--346
\T1/ptm/b/n/12 (-20) Data| 
 []


Overfull \hbox (24.90851pt too wide) in paragraph at lines 346--346
[]|\T1/ptm/b/n/12 (-20) Expected
 []


Underfull \hbox (badness 10000) in paragraph at lines 346--346
\T1/ptm/b/n/12 (+20) Re-
 []


Overfull \hbox (51.46924pt too wide) in paragraph at lines 346--346
[]|\T1/ptm/b/n/12 (-20) Postconditions| 
 []


Overfull \hbox (11.84329pt too wide) in paragraph at lines 346--346
[]|\T1/ptm/b/n/12 (-20) Actual
 []


Underfull \hbox (badness 10000) in paragraph at lines 346--346
\T1/ptm/b/n/12 (+20) Re-
 []


Overfull \hbox (23.19482pt too wide) in paragraph at lines 346--346
[]|\T1/ptm/b/n/12 (-20) Pass/Fail| 
 []


Overfull \hbox (7.46884pt too wide) in paragraph at lines 346--346
[]|\T1/ptm/m/n/12 (-20) Verify
 []


Underfull \hbox (badness 10000) in paragraph at lines 346--346
\T1/ptm/m/n/12 (+20) ad-
 []


Underfull \hbox (badness 10000) in paragraph at lines 346--346
\T1/ptm/m/n/12 (+20) min
 []


Underfull \hbox (badness 10000) in paragraph at lines 346--346
\T1/ptm/m/n/12 (+20) can
 []


Underfull \hbox (badness 10000) in paragraph at lines 346--346
\T1/ptm/m/n/12 (+20) cre-
 []


Underfull \hbox (badness 10000) in paragraph at lines 346--346
\T1/ptm/m/n/12 (+20) ate
 []


Overfull \hbox (3.32594pt too wide) in paragraph at lines 346--346
[]|\T1/ptm/m/n/12 (-20) Valid
 []


Underfull \hbox (badness 10000) in paragraph at lines 346--346
\T1/ptm/m/n/12 (+20) ad-
 []


Underfull \hbox (badness 10000) in paragraph at lines 346--346
\T1/ptm/m/n/12 (+20) min
 []


Overfull \hbox (2.77405pt too wide) in paragraph at lines 346--346
\T1/ptm/m/n/12 (-20) JWT;
 []


Underfull \hbox (badness 10000) in paragraph at lines 346--346
\T1/ptm/m/n/12 (+20) ex-
 []


Underfull \hbox (badness 10000) in paragraph at lines 346--346
\T1/ptm/m/n/12 (+20) ist-
 []


Underfull \hbox (badness 10000) in paragraph at lines 346--346
\T1/ptm/m/n/12 (+20) ing
 []


Underfull \hbox (badness 10000) in paragraph at lines 346--346
\T1/ptm/m/n/12 (+20) Vi-
 []


Underfull \hbox (badness 10000) in paragraph at lines 346--346
\T1/ptm/m/n/12 (+20) o-la-
 []


Underfull \hbox (badness 10000) in paragraph at lines 346--346
\T1/ptm/m/n/12 (+20) tion
 []


Underfull \hbox (badness 10000) in paragraph at lines 346--346
\T1/ptm/m/n/12 (+20) and
 []


Underfull \hbox (badness 10000) in paragraph at lines 346--346
\T1/ptm/m/n/12 (+20) In-
 []


Underfull \hbox (badness 10000) in paragraph at lines 346--346
\T1/ptm/m/n/12 (+20) ves-
 []


Underfull \hbox (badness 10000) in paragraph at lines 346--346
\T1/ptm/m/n/12 (+20) ti-ga-
 []


Underfull \hbox (badness 10000) in paragraph at lines 346--346
\T1/ptm/m/n/12 (+20) tor
 []


Overfull \hbox (13.1369pt too wide) in paragraph at lines 346--346
\T1/ptm/m/n/12 (-20) records| 
 []


Underfull \hbox (badness 10000) in paragraph at lines 346--346
[]|\T1/ptm/m/n/12 (+20) Call
 []


Overfull \hbox (2.91286pt too wide) in paragraph at lines 346--346
\T1/cmtt/m/n/12 POST
 []


Overfull \hbox (27.29814pt too wide) in paragraph at lines 346--346
\T1/cmtt/m/n/12 /reports
 []


Underfull \hbox (badness 10000) in paragraph at lines 346--346
\T1/ptm/m/n/12 (+20) with
 []


Overfull \hbox (1.44727pt too wide) in paragraph at lines 346--346
\T1/ptm/m/n/12 (-20) valid
 []


Underfull \hbox (badness 10000) in paragraph at lines 346--346
\T1/ptm/m/n/12 (+20) pay-
 []


Overfull \hbox (24.82875pt too wide) in paragraph at lines 346--346
[]|\T1/cmtt/m/n/12 report_-
 []


Overfull \hbox (4.8227pt too wide) in paragraph at lines 346--346
\T1/cmtt/m/n/12 type\T1/ptm/m/n/12 (-20) :
 []


Underfull \hbox (badness 10000) in paragraph at lines 346--346
\T1/ptm/m/n/12 (+20) "in-
 []


Underfull \hbox (badness 10000) in paragraph at lines 346--346
\T1/ptm/m/n/12 (+20) ci-
 []


Overfull \hbox (3.57614pt too wide) in paragraph at lines 346--346
\T1/ptm/m/n/12 (-20) dent"| 
 []


Overfull \hbox (15.11249pt too wide) in paragraph at lines 346--346
[]|\T1/ptm/m/n/12 (-20) Returns
 []


Underfull \hbox (badness 10000) in paragraph at lines 346--346
\T1/cmtt/m/n/12 201
 []


Overfull \hbox (21.742pt too wide) in paragraph at lines 346--346
\T1/cmtt/m/n/12 Created
 []


Underfull \hbox (badness 10000) in paragraph at lines 346--346
\T1/ptm/m/n/12 (+20) and
 []


Underfull \hbox (badness 10000) in paragraph at lines 346--346
\T1/ptm/m/n/12 (+20) a
 []


Underfull \hbox (badness 10000) in paragraph at lines 346--346
\T1/ptm/m/n/12 (+20) Re-
 []


Underfull \hbox (badness 10000) in paragraph at lines 346--346
\T1/ptm/m/n/12 (+20) port
 []


Underfull \hbox (badness 10000) in paragraph at lines 346--346
\T1/ptm/m/n/12 (+20) ob-
 []


Underfull \hbox (badness 10000) in paragraph at lines 346--346
\T1/ptm/m/n/12 (+20) ject
 []


Underfull \hbox (badness 10000) in paragraph at lines 346--346
\T1/ptm/m/n/12 (+20) with
 []


Underfull \hbox (badness 10000) in paragraph at lines 346--346
\T1/ptm/m/n/12 (+20) non-
 []


Underfull \hbox (badness 10000) in paragraph at lines 346--346
\T1/ptm/m/n/12 (+20) null
 []


Overfull \hbox (24.82875pt too wide) in paragraph at lines 346--346
\T1/cmtt/m/n/12 report_-
 []


Overfull \hbox (21.62743pt too wide) in paragraph at lines 346--346
[]|\T1/ptm/m/n/12 (-20) Database
 []


Underfull \hbox (badness 10000) in paragraph at lines 346--346
\T1/ptm/m/n/12 (+20) con-
 []


Overfull \hbox (0.74179pt too wide) in paragraph at lines 346--346
\T1/ptm/m/n/12 (-20) tains
 []


Underfull \hbox (badness 10000) in paragraph at lines 346--346
\T1/ptm/m/n/12 (+20) a
 []


Underfull \hbox (badness 10000) in paragraph at lines 346--346
\T1/ptm/m/n/12 (+20) new
 []


Underfull \hbox (badness 10000) in paragraph at lines 346--346
\T1/ptm/m/n/12 (+20) Re-
 []


Underfull \hbox (badness 10000) in paragraph at lines 346--346
\T1/ptm/m/n/12 (+20) port
 []


Underfull \hbox (badness 10000) in paragraph at lines 346--346
[]|\T1/ptm/m/n/12 (+20) As
 []


Underfull \hbox (badness 10000) in paragraph at lines 346--346
\T1/ptm/m/n/12 (+20) Ex-
 []


Overfull \hbox (9.22086pt too wide) in paragraph at lines 346--346
\T1/ptm/m/n/12 (-20) pected| 
 []


Overfull \hbox (15.74773pt too wide) in paragraph at lines 346--346
[]|\T1/ptm/m/n/12 (-20) Enforce
 []


Overfull \hbox (9.64984pt too wide) in paragraph at lines 346--346
\T1/ptm/m/n/12 (-20) RBAC
 []


Underfull \hbox (badness 10000) in paragraph at lines 346--346
\T1/ptm/m/n/12 (+20) on
 []


Underfull \hbox (badness 10000) in paragraph at lines 346--346
\T1/ptm/m/n/12 (+20) re-
 []


Underfull \hbox (badness 10000) in paragraph at lines 346--346
\T1/ptm/m/n/12 (+20) port
 []


Underfull \hbox (badness 10000) in paragraph at lines 346--346
\T1/ptm/m/n/12 (+20) cre-
 []


Overfull \hbox (2.04727pt too wide) in paragraph at lines 346--346
\T1/ptm/m/n/12 (-20) ation| 
 []


Overfull \hbox (44.50041pt too wide) in paragraph at lines 346--346
[]|\T1/ptm/m/n/12 (-20) Authenticated
 []


Underfull \hbox (badness 10000) in paragraph at lines 346--346
\T1/ptm/m/n/12 (+20) in-
 []


Underfull \hbox (badness 10000) in paragraph at lines 346--346
\T1/ptm/m/n/12 (+20) ves-
 []


Underfull \hbox (badness 10000) in paragraph at lines 346--346
\T1/ptm/m/n/12 (+20) ti-ga-
 []


Underfull \hbox (badness 10000) in paragraph at lines 346--346
\T1/ptm/m/n/12 (+20) tor
 []


Overfull \hbox (1.1608pt too wide) in paragraph at lines 346--346
\T1/ptm/m/n/12 (-20) JWT| 
 []


Underfull \hbox (badness 10000) in paragraph at lines 346--346
[]|\T1/ptm/m/n/12 (+20) Call
 []


Overfull \hbox (2.91286pt too wide) in paragraph at lines 346--346
\T1/cmtt/m/n/12 POST
 []


Overfull \hbox (27.29814pt too wide) in paragraph at lines 346--346
\T1/cmtt/m/n/12 /reports
 []


Underfull \hbox (badness 10000) in paragraph at lines 346--346
\T1/ptm/m/n/12 (+20) with
 []


Overfull \hbox (1.44727pt too wide) in paragraph at lines 346--346
\T1/ptm/m/n/12 (-20) valid
 []


Underfull \hbox (badness 10000) in paragraph at lines 346--346
\T1/ptm/m/n/12 (+20) pay-
 []


Overfull \hbox (4.65794pt too wide) in paragraph at lines 346--346
[]|\T1/ptm/m/n/12 (-20) Same
 []


Underfull \hbox (badness 10000) in paragraph at lines 346--346
\T1/ptm/m/n/12 (+20) as
 []


Overfull \hbox (10.82475pt too wide) in paragraph at lines 346--346
\T1/ptm/m/n/12 (-20) TC201| 
 []


Overfull \hbox (15.11249pt too wide) in paragraph at lines 346--346
[]|\T1/ptm/m/n/12 (-20) Returns
 []


Underfull \hbox (badness 10000) in paragraph at lines 346--346
\T1/cmtt/m/n/12 403
 []


Overfull \hbox (34.08899pt too wide) in paragraph at lines 346--346
\T1/cmtt/m/n/12 Forbidden
 []


Underfull \hbox (badness 10000) in paragraph at lines 346--346
\T1/ptm/m/n/12 (+20) with
 []


Overfull \hbox (5.25279pt too wide) in paragraph at lines 346--346
\T1/ptm/m/n/12 (-20) ``Only
 []


Underfull \hbox (badness 10000) in paragraph at lines 346--346
\T1/ptm/m/n/12 (+20) ad-
 []


Overfull \hbox (1.4004pt too wide) in paragraph at lines 346--346
\T1/ptm/m/n/12 (-20) mins
 []


Underfull \hbox (badness 10000) in paragraph at lines 346--346
\T1/ptm/m/n/12 (+20) can
 []


Underfull \hbox (badness 10000) in paragraph at lines 346--346
\T1/ptm/m/n/12 (+20) cre-
 []


Underfull \hbox (badness 10000) in paragraph at lines 346--346
\T1/ptm/m/n/12 (+20) ate
 []


Underfull \hbox (badness 10000) in paragraph at lines 346--346
\T1/ptm/m/n/12 (+20) re-
 []


Overfull \hbox (7.26866pt too wide) in paragraph at lines 346--346
\T1/ptm/m/n/12 (-20) ports''| 
 []


Underfull \hbox (badness 10000) in paragraph at lines 346--346
[]|\T1/ptm/m/n/12 (+20) No
 []


Underfull \hbox (badness 10000) in paragraph at lines 346--346
\T1/ptm/m/n/12 (+20) new
 []


Underfull \hbox (badness 10000) in paragraph at lines 346--346
\T1/ptm/m/n/12 (+20) Re-
 []


Underfull \hbox (badness 10000) in paragraph at lines 346--346
\T1/ptm/m/n/12 (+20) port
 []


Underfull \hbox (badness 10000) in paragraph at lines 346--346
\T1/ptm/m/n/12 (+20) row
 []


Underfull \hbox (badness 10000) in paragraph at lines 346--346
\T1/ptm/m/n/12 (+20) is
 []


Underfull \hbox (badness 10000) in paragraph at lines 346--346
\T1/ptm/m/n/12 (+20) cre-
 []


Underfull \hbox (badness 10000) in paragraph at lines 346--346
[]|\T1/ptm/m/n/12 (+20) As
 []


Underfull \hbox (badness 10000) in paragraph at lines 346--346
\T1/ptm/m/n/12 (+20) Ex-
 []


Overfull \hbox (9.22086pt too wide) in paragraph at lines 346--346
\T1/ptm/m/n/12 (-20) pected| 
 []


Overfull \hbox (9.2207pt too wide) in paragraph at lines 346--346
[]|\T1/ptm/m/n/12 (-20) Create
 []


Underfull \hbox (badness 10000) in paragraph at lines 346--346
\T1/ptm/m/n/12 (+20) re-
 []


Underfull \hbox (badness 10000) in paragraph at lines 346--346
\T1/ptm/m/n/12 (+20) port
 []


Overfull \hbox (8.56238pt too wide) in paragraph at lines 346--346
\T1/ptm/m/n/12 (-20) record
 []


Underfull \hbox (badness 10000) in paragraph at lines 346--346
\T1/ptm/m/n/12 (+20) for
 []


Underfull \hbox (badness 10000) in paragraph at lines 346--346
\T1/ptm/m/n/12 (+20) in-ci-
 []


Overfull \hbox (3.35263pt too wide) in paragraph at lines 346--346
\T1/ptm/m/n/12 (-20) dents
 []


Underfull \hbox (badness 10000) in paragraph at lines 346--346
\T1/ptm/m/n/12 (+20) (file
 []


Underfull \hbox (badness 10000) in paragraph at lines 346--346
\T1/ptm/m/n/12 (+20) gen-
 []


Underfull \hbox (badness 10000) in paragraph at lines 346--346
\T1/ptm/m/n/12 (+20) er-a-
 []


Underfull \hbox (badness 10000) in paragraph at lines 346--346
\T1/ptm/m/n/12 (+20) tion
 []


Underfull \hbox (badness 10000) in paragraph at lines 346--346
\T1/ptm/m/n/12 (+20) not
 []


Underfull \hbox (badness 10000) in paragraph at lines 346--346
\T1/ptm/m/n/12 (+20) yet
 []


Underfull \hbox (badness 10000) in paragraph at lines 346--346
\T1/ptm/m/n/12 (+20) im-
 []


Underfull \hbox (badness 10000) in paragraph at lines 346--346
\T1/ptm/m/n/12 (+20) ple-
 []


Overfull \hbox (17.06467pt too wide) in paragraph at lines 346--346
\T1/ptm/m/n/12 (-20) mented)| 
 []


Overfull \hbox (33.78072pt too wide) in paragraph at lines 346--346
[]|\T1/ptm/m/n/12 (-20) Investigator
 []


Overfull \hbox (2.77405pt too wide) in paragraph at lines 346--346
\T1/ptm/m/n/12 (-20) JWT;
 []


Underfull \hbox (badness 10000) in paragraph at lines 346--346
\T1/ptm/m/n/12 (+20) at
 []


Underfull \hbox (badness 10000) in paragraph at lines 346--346
\T1/ptm/m/n/12 (+20) one
 []


Underfull \hbox (badness 10000) in paragraph at lines 346--346
\T1/ptm/m/n/12 (+20) Stu-
 []


Underfull \hbox (badness 10000) in paragraph at lines 346--346
\T1/ptm/m/n/12 (+20) den-
 []


Underfull \hbox (badness 10000) in paragraph at lines 346--346
\T1/ptm/m/n/12 (+20) tAc-
 []


Underfull \hbox (badness 10000) in paragraph at lines 346--346
\T1/ptm/m/n/12 (+20) tiv-
 []


Underfull \hbox (badness 10000) in paragraph at lines 346--346
\T1/ptm/m/n/12 (+20) ity
 []


Overfull \hbox (12.49004pt too wide) in paragraph at lines 346--346
\T1/ptm/m/n/12 (-20) present| 
 []


Underfull \hbox (badness 10000) in paragraph at lines 346--346
[]|\T1/ptm/m/n/12 (+20) Call
 []


Overfull \hbox (2.91286pt too wide) in paragraph at lines 346--346
\T1/cmtt/m/n/12 POST
 []


Overfull \hbox (89.03307pt too wide) in paragraph at lines 346--346
\T1/cmtt/m/n/12 /reports/incidents
 []


Underfull \hbox (badness 10000) in paragraph at lines 346--346
\T1/ptm/m/n/12 (+20) with
 []


Overfull \hbox (1.44727pt too wide) in paragraph at lines 346--346
\T1/ptm/m/n/12 (-20) valid
 []


Underfull \hbox (badness 10000) in paragraph at lines 346--346
\T1/ptm/m/n/12 (+20) in-ci-
 []


Underfull \hbox (badness 10000) in paragraph at lines 346--346
\T1/ptm/m/n/12 (+20) dent
 []


Overfull \hbox (37.17574pt too wide) in paragraph at lines 346--346
[]|\T1/cmtt/m/n/12 incident_-
 []


Underfull \hbox (badness 10000) in paragraph at lines 346--346
\T1/cmtt/m/n/12 ids\T1/ptm/m/n/12 (+20) :
 []


Overfull \hbox (5.6633pt too wide) in paragraph at lines 346--346
\T1/ptm/m/n/12 (-20) [valid
 []


Overfull \hbox (11.83165pt too wide) in paragraph at lines 346--346
\T1/ptm/m/n/12 (-20) UUID]| 
 []


Overfull \hbox (15.11249pt too wide) in paragraph at lines 346--346
[]|\T1/ptm/m/n/12 (-20) Returns
 []


Overfull \hbox (6.39392pt too wide) in paragraph at lines 346--346
\T1/ptm/m/n/12 (-20) JSON
 []


Underfull \hbox (badness 10000) in paragraph at lines 346--346
\T1/ptm/m/n/12 (+20) with
 []


Underfull \hbox (badness 10000) in paragraph at lines 346--346
\T1/ptm/m/n/12 (+20) non-
 []


Overfull \hbox (7.50726pt too wide) in paragraph at lines 346--346
\T1/ptm/m/n/12 (-20) empty
 []


Underfull \hbox (badness 10000) in paragraph at lines 346--346
\T1/cmtt/m/n/12 id
 []


Underfull \hbox (badness 10000) in paragraph at lines 346--346
\T1/ptm/m/n/12 (+20) and
 []


Overfull \hbox (12.48177pt too wide) in paragraph at lines 346--346
\T1/cmtt/m/n/12 file_-
 []


Overfull \hbox (4.66153pt too wide) in paragraph at lines 346--346
\T1/cmtt/m/n/12 path\T1/ptm/m/n/12 (-20) ,
 []


Overfull \hbox (15.56851pt too wide) in paragraph at lines 346--346
\T1/cmtt/m/n/12 status
 []


Underfull \hbox (badness 10000) in paragraph at lines 346--346
\T1/cmtt/m/n/12 =
 []


Overfull \hbox (40.26248pt too wide) in paragraph at lines 346--346
\T1/cmtt/m/n/12 generating| 
 []


Underfull \hbox (badness 10000) in paragraph at lines 346--346
[]|\T1/ptm/m/n/12 (-20) New
 []


Underfull \hbox (badness 10000) in paragraph at lines 346--346
\T1/ptm/m/n/12 (+20) Re-
 []


Underfull \hbox (badness 10000) in paragraph at lines 346--346
\T1/ptm/m/n/12 (+20) port
 []


Underfull \hbox (badness 10000) in paragraph at lines 346--346
\T1/ptm/m/n/12 (+20) row
 []


Overfull \hbox (7.8073pt too wide) in paragraph at lines 346--346
\T1/ptm/m/n/12 (-20) linked
 []


Underfull \hbox (badness 10000) in paragraph at lines 346--346
\T1/ptm/m/n/12 (+20) Vi-
 []


Underfull \hbox (badness 10000) in paragraph at lines 346--346
\T1/ptm/m/n/12 (+20) o-la-
 []


Underfull \hbox (badness 10000) in paragraph at lines 346--346
\T1/ptm/m/n/12 (+20) tion
 []


Underfull \hbox (badness 10000) in paragraph at lines 346--346
\T1/ptm/m/n/12 (+20) ex-
 []


Underfull \hbox (badness 10000) in paragraph at lines 346--346
\T1/ptm/m/n/12 (+20) ists
 []


Underfull \hbox (badness 10000) in paragraph at lines 346--346
\T1/ptm/m/n/12 (+20) in
 []


Overfull \hbox (19.01675pt too wide) in paragraph at lines 346--346
\T1/ptm/m/n/12 (-20) database
 []


Underfull \hbox (badness 10000) in paragraph at lines 346--346
\T1/ptm/m/n/12 (+20) (ac-
 []


Underfull \hbox (badness 10000) in paragraph at lines 346--346
\T1/ptm/m/n/12 (+20) tual
 []


Underfull \hbox (badness 10000) in paragraph at lines 346--346
\T1/ptm/m/n/12 (+20) file
 []


Underfull \hbox (badness 10000) in paragraph at lines 346--346
\T1/ptm/m/n/12 (+20) gen-
 []


Underfull \hbox (badness 10000) in paragraph at lines 346--346
\T1/ptm/m/n/12 (+20) er-a-
 []


Underfull \hbox (badness 10000) in paragraph at lines 346--346
\T1/ptm/m/n/12 (+20) tion
 []


Underfull \hbox (badness 10000) in paragraph at lines 346--346
\T1/ptm/m/n/12 (+20) is
 []


Underfull \hbox (badness 10000) in paragraph at lines 346--346
\T1/ptm/m/n/12 (+20) not
 []


Underfull \hbox (badness 10000) in paragraph at lines 346--346
\T1/ptm/m/n/12 (+20) yet
 []


Underfull \hbox (badness 10000) in paragraph at lines 346--346
\T1/ptm/m/n/12 (+20) im-
 []


Underfull \hbox (badness 10000) in paragraph at lines 346--346
\T1/ptm/m/n/12 (+20) ple-
 []


Overfull \hbox (17.06467pt too wide) in paragraph at lines 346--346
\T1/ptm/m/n/12 (-20) mented)| 
 []


Underfull \hbox (badness 10000) in paragraph at lines 346--346
[]|\T1/ptm/m/n/12 (+20) As
 []


Underfull \hbox (badness 10000) in paragraph at lines 346--346
\T1/ptm/m/n/12 (+20) Ex-
 []


Overfull \hbox (9.22086pt too wide) in paragraph at lines 346--346
\T1/ptm/m/n/12 (-20) pected| 
 []


Overfull \hbox (12.49016pt too wide) in paragraph at lines 346--346
[]|\T1/ptm/m/n/12 (-20) Handle
 []


Underfull \hbox (badness 10000) in paragraph at lines 346--346
\T1/ptm/m/n/12 (+20) in-
 []


Overfull \hbox (1.44727pt too wide) in paragraph at lines 346--346
\T1/ptm/m/n/12 (-20) valid
 []


Underfull \hbox (badness 10000) in paragraph at lines 346--346
\T1/ptm/m/n/12 (+20) in-ci-
 []


Underfull \hbox (badness 10000) in paragraph at lines 346--346
\T1/ptm/m/n/12 (+20) dent
 []


Underfull \hbox (badness 10000) in paragraph at lines 346--346
\T1/ptm/m/n/12 (+20) IDs
 []


Overfull \hbox (5.91174pt too wide) in paragraph at lines 346--346
\T1/ptm/m/n/12 (-20) grace-
 []


Overfull \hbox (0.74193pt too wide) in paragraph at lines 346--346
\T1/ptm/m/n/12 (-20) fully| 
 []


Overfull \hbox (33.78072pt too wide) in paragraph at lines 346--346
[]|\T1/ptm/m/n/12 (-20) Investigator
 []


Overfull \hbox (1.1608pt too wide) in paragraph at lines 346--346
\T1/ptm/m/n/12 (-20) JWT| 
 []


Underfull \hbox (badness 10000) in paragraph at lines 346--346
[]|\T1/ptm/m/n/12 (+20) Call
 []


Overfull \hbox (2.91286pt too wide) in paragraph at lines 346--346
\T1/cmtt/m/n/12 POST
 []


Overfull \hbox (89.03307pt too wide) in paragraph at lines 346--346
\T1/cmtt/m/n/12 /reports/incidents
 []


Underfull \hbox (badness 10000) in paragraph at lines 346--346
\T1/ptm/m/n/12 (+20) with
 []


Underfull \hbox (badness 10000) in paragraph at lines 346--346
\T1/ptm/m/n/12 (+20) in-
 []


Overfull \hbox (1.44727pt too wide) in paragraph at lines 346--346
\T1/ptm/m/n/12 (-20) valid
 []


Overfull \hbox (37.17574pt too wide) in paragraph at lines 346--346
[]|\T1/cmtt/m/n/12 incident_-
 []


Underfull \hbox (badness 10000) in paragraph at lines 346--346
\T1/cmtt/m/n/12 ids\T1/ptm/m/n/12 (+20) :
 []


Overfull \hbox (21.05464pt too wide) in paragraph at lines 346--346
\T1/ptm/m/n/12 (-20) ["invalid-
 []


Overfull \hbox (8.1508pt too wide) in paragraph at lines 346--346
\T1/ptm/m/n/12 (-20) uuid"]| 
 []


Overfull \hbox (15.11249pt too wide) in paragraph at lines 346--346
[]|\T1/ptm/m/n/12 (-20) Returns
 []


Underfull \hbox (badness 10000) in paragraph at lines 346--346
\T1/cmtt/m/n/12 404
 []


Underfull \hbox (badness 10000) in paragraph at lines 346--346
\T1/cmtt/m/n/12 Not
 []


Overfull \hbox (9.39502pt too wide) in paragraph at lines 346--346
\T1/cmtt/m/n/12 Found
 []


Underfull \hbox (badness 10000) in paragraph at lines 346--346
\T1/ptm/m/n/12 (+20) with
 []


Underfull \hbox (badness 10000) in paragraph at lines 346--346
\T1/ptm/m/n/12 (+20) ``No
 []


Overfull \hbox (1.44727pt too wide) in paragraph at lines 346--346
\T1/ptm/m/n/12 (-20) valid
 []


Underfull \hbox (badness 10000) in paragraph at lines 346--346
\T1/ptm/m/n/12 (+20) in-ci-
 []


Overfull \hbox (3.35263pt too wide) in paragraph at lines 346--346
\T1/ptm/m/n/12 (-20) dents
 []


Overfull \hbox (11.18498pt too wide) in paragraph at lines 346--346
\T1/ptm/m/n/12 (-20) found''| 
 []


Underfull \hbox (badness 10000) in paragraph at lines 346--346
[]|\T1/ptm/m/n/12 (+20) No
 []


Underfull \hbox (badness 10000) in paragraph at lines 346--346
\T1/ptm/m/n/12 (+20) Re-
 []


Underfull \hbox (badness 10000) in paragraph at lines 346--346
\T1/ptm/m/n/12 (+20) port
 []


Underfull \hbox (badness 10000) in paragraph at lines 346--346
\T1/ptm/m/n/12 (+20) row
 []


Underfull \hbox (badness 10000) in paragraph at lines 346--346
\T1/ptm/m/n/12 (+20) is
 []


Underfull \hbox (badness 10000) in paragraph at lines 346--346
\T1/ptm/m/n/12 (+20) cre-
 []


Underfull \hbox (badness 10000) in paragraph at lines 346--346
[]|\T1/ptm/m/n/12 (+20) As
 []


Underfull \hbox (badness 10000) in paragraph at lines 346--346
\T1/ptm/m/n/12 (+20) Ex-
 []


Overfull \hbox (9.22086pt too wide) in paragraph at lines 346--346
\T1/ptm/m/n/12 (-20) pected| 
 []


Underfull \vbox (badness 10000) has occurred while \output is active []



[53]
Overfull \vbox (1112.75734pt too high) has occurred while \output is active []



[54]
Overfull \hbox (13.39705pt too wide) in paragraph at lines 369--369
[]|\T1/ptm/b/n/12 (-20) Objective| 
 []


Overfull \hbox (34.3419pt too wide) in paragraph at lines 369--369
[]|\T1/ptm/b/n/12 (-20) Preconditions| 
 []


Underfull \hbox (badness 10000) in paragraph at lines 369--369
[]|\T1/ptm/b/n/12 (+20) Test
 []


Overfull \hbox (11.68497pt too wide) in paragraph at lines 369--369
[]|\T1/ptm/b/n/12 (-20) Expected
 []


Overfull \hbox (38.2457pt too wide) in paragraph at lines 369--369
[]|\T1/ptm/b/n/12 (-20) Postconditions| 
 []


Underfull \hbox (badness 10000) in paragraph at lines 369--369
[]|\T1/ptm/b/n/12 (+20) Actual
 []


Overfull \hbox (9.97128pt too wide) in paragraph at lines 369--369
[]|\T1/ptm/b/n/12 (-20) Pass/Fail| 
 []


Overfull \hbox (4.66644pt too wide) in paragraph at lines 369--369
[]|\T1/ptm/m/n/12 (-20) Retrieve
 []


Underfull \hbox (badness 10000) in paragraph at lines 369--369
\T1/ptm/m/n/12 (+20) ``to-day''
 []


Underfull \hbox (badness 10000) in paragraph at lines 369--369
\T1/ptm/m/n/12 (+20) dash-
 []


Underfull \hbox (badness 10000) in paragraph at lines 369--369
\T1/ptm/m/n/12 (+20) board
 []


Underfull \hbox (badness 10000) in paragraph at lines 369--369
[]|\T1/ptm/m/n/12 (+20) Admin
 []


Underfull \hbox (badness 10000) in paragraph at lines 369--369
\T1/ptm/m/n/12 (+20) JWT;
 []


Underfull \hbox (badness 10000) in paragraph at lines 369--369
\T1/ptm/m/n/12 (+20) one
 []


Underfull \hbox (badness 10000) in paragraph at lines 369--369
\T1/ptm/m/n/12 (+20) exam
 []


Underfull \hbox (badness 10000) in paragraph at lines 369--369
\T1/ptm/m/n/12 (+20) sched-
 []


Underfull \hbox (badness 10000) in paragraph at lines 369--369
\T1/ptm/m/n/12 (+20) uled
 []


Underfull \hbox (badness 10000) in paragraph at lines 369--369
[]|\T1/ptm/m/n/12 (+20) Call
 []


Underfull \hbox (badness 10000) in paragraph at lines 369--369
\T1/cmtt/m/n/12 GET
 []


Overfull \hbox (143.71794pt too wide) in paragraph at lines 369--369
\T1/cmtt/m/n/12 /dashboard/stats?period=today| 
 []


Overfull \hbox (3.94614pt too wide) in paragraph at lines 369--369
[]|\T1/cmtt/m/n/12 period\T1/ptm/m/n/12 (-20) :
 []


Underfull \hbox (badness 10000) in paragraph at lines 369--369
\T1/ptm/m/n/12 (+20) "to-
 []


Overfull \hbox (1.88895pt too wide) in paragraph at lines 369--369
[]|\T1/ptm/m/n/12 (-20) Returns
 []


Overfull \hbox (51.73291pt too wide) in paragraph at lines 369--369
\T1/cmtt/m/n/12 DashboardStats
 []


Underfull \hbox (badness 10000) in paragraph at lines 369--369
\T1/ptm/m/n/12 (+20) ob-ject;
 []


Underfull \hbox (badness 10000) in paragraph at lines 369--369
\T1/ptm/m/n/12 (+20) all
 []


Underfull \hbox (badness 10000) in paragraph at lines 369--369
\T1/ptm/m/n/12 (+20) counts
 []


Underfull \hbox (badness 10000) in paragraph at lines 369--369
\T1/ptm/m/n/12 (+20) are
 []


Underfull \hbox (badness 10000) in paragraph at lines 369--369
\T1/ptm/m/n/12 (+20) non-
 []


Overfull \hbox (4.42679pt too wide) in paragraph at lines 369--369
\T1/ptm/m/n/12 (-20) negative
 []


Underfull \hbox (badness 10000) in paragraph at lines 369--369
\T1/ptm/m/n/12 (+20) and
 []


Underfull \hbox (badness 10000) in paragraph at lines 369--369
\T1/ptm/m/n/12 (+20) con-
 []


Underfull \hbox (badness 10000) in paragraph at lines 369--369
\T1/ptm/m/n/12 (+20) sis-tent
 []


Underfull \hbox (badness 10000) in paragraph at lines 369--369
\T1/ptm/m/n/12 (+20) with
 []


Underfull \hbox (badness 10000) in paragraph at lines 369--369
\T1/ptm/m/n/12 (+20) seeded
 []


Underfull \hbox (badness 10000) in paragraph at lines 369--369
[]|\T1/ptm/m/n/12 (+20) Values
 []


Underfull \hbox (badness 10000) in paragraph at lines 369--369
\T1/ptm/m/n/12 (+20) com-
 []


Underfull \hbox (badness 10000) in paragraph at lines 369--369
\T1/ptm/m/n/12 (+20) puted
 []


Underfull \hbox (badness 10000) in paragraph at lines 369--369
\T1/ptm/m/n/12 (+20) from
 []


Underfull \hbox (badness 10000) in paragraph at lines 369--369
\T1/ptm/m/n/12 (+20) sam-ple
 []


Overfull \hbox (5.79321pt too wide) in paragraph at lines 369--369
\T1/ptm/m/n/12 (-20) database
 []


Underfull \hbox (badness 10000) in paragraph at lines 369--369
[]|\T1/ptm/m/n/12 (+20) Verify
 []


Underfull \hbox (badness 10000) in paragraph at lines 369--369
\T1/ptm/m/n/12 (+20) pe-riod
 []


Underfull \hbox (badness 10000) in paragraph at lines 369--369
\T1/ptm/m/n/12 (+20) fil-ter
 []


Underfull \hbox (badness 10000) in paragraph at lines 369--369
\T1/ptm/m/n/12 (+20) be-
 []


Overfull \hbox (0.99066pt too wide) in paragraph at lines 369--369
\T1/ptm/m/n/12 (-20) haviour| 
 []


Underfull \hbox (badness 10000) in paragraph at lines 369--369
[]|\T1/ptm/m/n/12 (+1) Seeded
 []


Underfull \hbox (badness 10000) in paragraph at lines 369--369
\T1/ptm/m/n/12 (+20) data
 []


Underfull \hbox (badness 10000) in paragraph at lines 369--369
\T1/ptm/m/n/12 (+20) across
 []


Underfull \hbox (badness 10000) in paragraph at lines 369--369
\T1/ptm/m/n/12 (+20) mul-
 []


Underfull \hbox (badness 10000) in paragraph at lines 369--369
\T1/ptm/m/n/12 (+20) ti-ple
 []


Underfull \hbox (badness 10000) in paragraph at lines 369--369
[]|\T1/ptm/m/n/12 (+20) Call
 []


Underfull \hbox (badness 10000) in paragraph at lines 369--369
\T1/cmtt/m/n/12 GET
 []


Overfull \hbox (63.46254pt too wide) in paragraph at lines 369--369
\T1/cmtt/m/n/12 /dashboard/stats
 []


Underfull \hbox (badness 10000) in paragraph at lines 369--369
\T1/ptm/m/n/12 (+20) with
 []


Underfull \hbox (badness 10000) in paragraph at lines 369--369
\T1/ptm/m/n/12 (+20) dif-
 []


Underfull \hbox (badness 10000) in paragraph at lines 369--369
\T1/ptm/m/n/12 (+20) fer-ent
 []


Underfull \hbox (badness 10000) in paragraph at lines 369--369
\T1/ptm/m/n/12 (+20) pe-ri-
 []


Overfull \hbox (3.94614pt too wide) in paragraph at lines 369--369
[]|\T1/cmtt/m/n/12 period\T1/ptm/m/n/12 (-20) :
 []


Underfull \hbox (badness 10000) in paragraph at lines 369--369
\T1/ptm/m/n/12 (+20) "to-
 []


Underfull \hbox (badness 10000) in paragraph at lines 369--369
\T1/ptm/m/n/12 (+20) day",
 []


Overfull \hbox (1.15352pt too wide) in paragraph at lines 369--369
\T1/ptm/m/n/12 (-20) "week",
 []


Overfull \hbox (4.95842pt too wide) in paragraph at lines 369--369
\T1/ptm/m/n/12 (-20) "month"| 
 []


Overfull \hbox (1.88895pt too wide) in paragraph at lines 369--369
[]|\T1/ptm/m/n/12 (-20) Returns
 []


Underfull \hbox (badness 10000) in paragraph at lines 369--369
\T1/ptm/m/n/12 (+20) dif-fer-
 []


Underfull \hbox (badness 10000) in paragraph at lines 369--369
\T1/ptm/m/n/12 (+20) ent
 []


Underfull \hbox (badness 10000) in paragraph at lines 369--369
\T1/ptm/m/n/12 (+20) counts
 []


Underfull \hbox (badness 10000) in paragraph at lines 369--369
\T1/ptm/m/n/12 (+20) re-flect-
 []


Underfull \hbox (badness 10000) in paragraph at lines 369--369
\T1/ptm/m/n/12 (+20) date
 []


Underfull \hbox (badness 10000) in paragraph at lines 369--369
\T1/ptm/m/n/12 (+20) range;
 []


Underfull \hbox (badness 10000) in paragraph at lines 369--369
\T1/ptm/m/n/12 (+20) no
 []


Underfull \hbox (badness 10000) in paragraph at lines 369--369
\T1/ptm/m/n/12 (+20) er-rors
 []


Overfull \hbox (1.87717pt too wide) in paragraph at lines 369--369
[]|\T1/ptm/m/n/12 (-20) Internal
 []


Underfull \hbox (badness 10000) in paragraph at lines 369--369
\T1/ptm/m/n/12 (+20) trend
 []


Underfull \hbox (badness 10000) in paragraph at lines 369--369
\T1/ptm/m/n/12 (+20) ta-tion
 []


Underfull \hbox (badness 10000) in paragraph at lines 369--369
\T1/ptm/m/n/12 (+20) be-
 []


Underfull \hbox (badness 10000) in paragraph at lines 369--369
\T1/ptm/m/n/12 (+20) haves
 []


Underfull \hbox (badness 10000) in paragraph at lines 369--369
\T1/ptm/m/n/12 (+20) cor-
 []


Overfull \hbox (2.52419pt too wide) in paragraph at lines 369--369
[]|\T1/ptm/m/n/12 (-20) Enforce
 []


Underfull \hbox (badness 10000) in paragraph at lines 369--369
\T1/ptm/m/n/12 (+20) RBAC
 []


Underfull \hbox (badness 10000) in paragraph at lines 369--369
\T1/ptm/m/n/12 (+20) on
 []


Overfull \hbox (1.24222pt too wide) in paragraph at lines 369--369
[]|\T1/ptm/m/n/12 (-20) Student
 []


Underfull \hbox (badness 10000) in paragraph at lines 369--369
[]|\T1/ptm/m/n/12 (+20) Call
 []


Underfull \hbox (badness 10000) in paragraph at lines 369--369
\T1/cmtt/m/n/12 GET
 []


Overfull \hbox (143.71794pt too wide) in paragraph at lines 369--369
\T1/cmtt/m/n/12 /dashboard/stats?period=today| 
 []


Overfull \hbox (3.94614pt too wide) in paragraph at lines 369--369
[]|\T1/cmtt/m/n/12 period\T1/ptm/m/n/12 (-20) :
 []


Underfull \hbox (badness 10000) in paragraph at lines 369--369
\T1/ptm/m/n/12 (+20) "to-
 []


Overfull \hbox (1.88895pt too wide) in paragraph at lines 369--369
[]|\T1/ptm/m/n/12 (-20) Returns
 []


Underfull \hbox (badness 10000) in paragraph at lines 369--369
\T1/cmtt/m/n/12 403
 []


Overfull \hbox (20.86545pt too wide) in paragraph at lines 369--369
\T1/cmtt/m/n/12 Forbidden
 []


Underfull \hbox (badness 10000) in paragraph at lines 369--369
\T1/ptm/m/n/12 (+20) and
 []


Underfull \hbox (badness 10000) in paragraph at lines 369--369
\T1/ptm/m/n/12 (+20) ``Ac-
 []


Underfull \hbox (badness 10000) in paragraph at lines 369--369
\T1/ptm/m/n/12 (+20) cess
 []


Underfull \hbox (badness 10000) in paragraph at lines 369--369
\T1/ptm/m/n/12 (+20) de-
 []


Underfull \hbox (badness 10000) in paragraph at lines 369--369
\T1/ptm/m/n/12 (+20) si-tive
 []


Underfull \hbox (badness 10000) in paragraph at lines 369--369
\T1/ptm/m/n/12 (+20) stats
 []


Underfull \hbox (badness 10000) in paragraph at lines 369--369
[]|\T1/ptm/m/n/12 (+20) Return
 []


Underfull \hbox (badness 10000) in paragraph at lines 369--369
\T1/ptm/m/n/12 (+20) re-cent
 []


Underfull \hbox (badness 10000) in paragraph at lines 369--369
\T1/ptm/m/n/12 (+20) in-ci-
 []


Underfull \hbox (badness 10000) in paragraph at lines 369--369
\T1/ptm/m/n/12 (+20) dents
 []


Overfull \hbox (39.07094pt too wide) in paragraph at lines 369--369
[]|\T1/ptm/m/n/12 (-20) StudentActivity
 []


Underfull \hbox (badness 10000) in paragraph at lines 369--369
\T1/ptm/m/n/12 (+20) rows
 []


Underfull \hbox (badness 10000) in paragraph at lines 369--369
\T1/ptm/m/n/12 (+1) present
 []


Underfull \hbox (badness 10000) in paragraph at lines 369--369
[]|\T1/ptm/m/n/12 (+20) Call
 []


Underfull \hbox (badness 10000) in paragraph at lines 369--369
\T1/cmtt/m/n/12 GET
 []


Overfull \hbox (180.7589pt too wide) in paragraph at lines 369--369
\T1/cmtt/m/n/12 /dashboard/recent-incidents?limit=5| 
 []


Underfull \hbox (badness 10000) in paragraph at lines 369--369
[]|\T1/cmtt/m/n/12 limit\T1/ptm/m/n/12 (+20) :
 []


Overfull \hbox (1.88895pt too wide) in paragraph at lines 369--369
[]|\T1/ptm/m/n/12 (-20) Returns
 []


Underfull \hbox (badness 10000) in paragraph at lines 369--369
\T1/ptm/m/n/12 (+20) up to
 []


Underfull \hbox (badness 2310) in paragraph at lines 369--369
\T1/ptm/m/n/12 (+20) 5 in-ci-
 []


Underfull \hbox (badness 10000) in paragraph at lines 369--369
\T1/ptm/m/n/12 (+20) dents
 []


Underfull \hbox (badness 10000) in paragraph at lines 369--369
\T1/ptm/m/n/12 (+20) or-
 []


Underfull \hbox (badness 10000) in paragraph at lines 369--369
\T1/ptm/m/n/12 (+20) dered
 []


Underfull \hbox (badness 10000) in paragraph at lines 369--369
\T1/ptm/m/n/12 (+20) by
 []


Underfull \hbox (badness 10000) in paragraph at lines 369--369
\T1/ptm/m/n/12 (+20) times-
 []


Underfull \hbox (badness 10000) in paragraph at lines 369--369
\T1/ptm/m/n/12 (+20) tamp;
 []


Underfull \hbox (badness 10000) in paragraph at lines 369--369
\T1/ptm/m/n/12 (+20) each
 []


Underfull \hbox (badness 10000) in paragraph at lines 369--369
\T1/ptm/m/n/12 (+20) cludes
 []


Underfull \hbox (badness 10000) in paragraph at lines 369--369
\T1/ptm/m/n/12 (+20) ID,
 []


Underfull \hbox (badness 10000) in paragraph at lines 369--369
\T1/ptm/m/n/12 (+20) name,
 []


Underfull \hbox (badness 10000) in paragraph at lines 369--369
\T1/ptm/m/n/12 (+20) type,
 []


Underfull \hbox (badness 10000) in paragraph at lines 369--369
\T1/ptm/m/n/12 (+20) sever-
 []


Underfull \hbox (badness 10000) in paragraph at lines 369--369
\T1/ptm/m/n/12 (+20) ity,
 []


Underfull \hbox (badness 10000) in paragraph at lines 369--369
\T1/ptm/m/n/12 (+20) times-
 []


Underfull \hbox (badness 10000) in paragraph at lines 369--369
\T1/ptm/m/n/12 (+20) tamp,
 []


Underfull \hbox (badness 10000) in paragraph at lines 369--369
\T1/ptm/m/n/12 (+20) and
 []


Underfull \hbox (badness 10000) in paragraph at lines 369--369
\T1/ptm/m/n/12 (+20) con-fi-
 []


Overfull \hbox (10.7378pt too wide) in paragraph at lines 369--369
[]|\T1/ptm/m/n/12 (-20) Activities
 []


Underfull \hbox (badness 1789) in paragraph at lines 369--369
\T1/ptm/m/n/12 (+20) are or-
 []


Underfull \hbox (badness 10000) in paragraph at lines 369--369
\T1/ptm/m/n/12 (+20) dered
 []


Underfull \hbox (badness 10000) in paragraph at lines 369--369
\T1/ptm/m/n/12 (+20) from
 []


Underfull \hbox (badness 10000) in paragraph at lines 369--369
\T1/ptm/m/n/12 (+20) most
 []


Underfull \hbox (badness 10000) in paragraph at lines 369--369
\T1/ptm/m/n/12 (+20) re-cent
 []


Underfull \hbox (badness 10000) in paragraph at lines 369--369
\T1/ptm/m/n/12 (+20) to
 []


Underfull \vbox (badness 10000) has occurred while \output is active []



[55]
Overfull \vbox (329.03658pt too high) has occurred while \output is active []



[56]
Overfull \hbox (30.70554pt too wide) in paragraph at lines 415--415
[]|\T1/ptm/b/n/12 (-20) Objective| 
 []


Overfull \hbox (51.65039pt too wide) in paragraph at lines 415--415
[]|\T1/ptm/b/n/12 (-20) Preconditions| 
 []


Overfull \hbox (9.4014pt too wide) in paragraph at lines 415--415
[]|\T1/ptm/b/n/12 (-20) Steps| 
 []


Overfull \hbox (3.06435pt too wide) in paragraph at lines 415--415
[]|\T1/ptm/b/n/12 (-20) Test
 []


Overfull \hbox (6.77922pt too wide) in paragraph at lines 415--415
\T1/ptm/b/n/12 (-20) Data| 
 []


Overfull \hbox (28.99345pt too wide) in paragraph at lines 415--415
[]|\T1/ptm/b/n/12 (-20) Expected
 []


Underfull \hbox (badness 10000) in paragraph at lines 415--415
\T1/ptm/b/n/12 (+20) Re-
 []


Overfull \hbox (0.9107pt too wide) in paragraph at lines 415--415
\T1/ptm/b/n/12 (-20) sult| 
 []


Overfull \hbox (55.55418pt too wide) in paragraph at lines 415--415
[]|\T1/ptm/b/n/12 (-20) Postconditions| 
 []


Overfull \hbox (15.92824pt too wide) in paragraph at lines 415--415
[]|\T1/ptm/b/n/12 (-20) Actual
 []


Underfull \hbox (badness 10000) in paragraph at lines 415--415
\T1/ptm/b/n/12 (+20) Re-
 []


Overfull \hbox (0.9107pt too wide) in paragraph at lines 415--415
\T1/ptm/b/n/12 (-20) sult| 
 []


Overfull \hbox (27.27977pt too wide) in paragraph at lines 415--415
[]|\T1/ptm/b/n/12 (-20) Pass/Fail| 
 []


Overfull \hbox (11.55379pt too wide) in paragraph at lines 415--415
[]|\T1/ptm/m/n/12 (-20) Verify
 []


Underfull \hbox (badness 10000) in paragraph at lines 415--415
\T1/ptm/m/n/12 (+20) ad-
 []


Overfull \hbox (0.91083pt too wide) in paragraph at lines 415--415
\T1/ptm/m/n/12 (-20) min
 []


Underfull \hbox (badness 10000) in paragraph at lines 415--415
\T1/ptm/m/n/12 (+20) can
 []


Underfull \hbox (badness 10000) in paragraph at lines 415--415
\T1/ptm/m/n/12 (+20) cre-
 []


Underfull \hbox (badness 10000) in paragraph at lines 415--415
\T1/ptm/m/n/12 (+20) ate
 []


Underfull \hbox (badness 10000) in paragraph at lines 415--415
\T1/ptm/m/n/12 (+20) a
 []


Overfull \hbox (1.47255pt too wide) in paragraph at lines 415--415
\T1/ptm/m/n/12 (-20) new
 []


Underfull \hbox (badness 10000) in paragraph at lines 415--415
\T1/ptm/m/n/12 (+20) stu-
 []


Overfull \hbox (2.86305pt too wide) in paragraph at lines 415--415
\T1/ptm/m/n/12 (-20) dent
 []


Overfull \hbox (2.20444pt too wide) in paragraph at lines 415--415
\T1/ptm/m/n/12 (-20) user| 
 []


Overfull \hbox (7.41089pt too wide) in paragraph at lines 415--415
[]|\T1/ptm/m/n/12 (-20) Valid
 []


Underfull \hbox (badness 10000) in paragraph at lines 415--415
\T1/ptm/m/n/12 (+20) ad-
 []


Overfull \hbox (0.91083pt too wide) in paragraph at lines 415--415
\T1/ptm/m/n/12 (-20) min
 []


Overfull \hbox (6.859pt too wide) in paragraph at lines 415--415
\T1/ptm/m/n/12 (-20) JWT;
 []


Overfull \hbox (23.1017pt too wide) in paragraph at lines 415--415
\T1/ptm/m/n/12 (-20) database
 []


Underfull \hbox (badness 10000) in paragraph at lines 415--415
\T1/ptm/m/n/12 (+20) ac-
 []


Underfull \hbox (badness 10000) in paragraph at lines 415--415
\T1/ptm/m/n/12 (+3) ces-
 []


Underfull \hbox (badness 10000) in paragraph at lines 415--415
\T1/ptm/m/n/12 (+20) si-
 []


Overfull \hbox (2.21603pt too wide) in paragraph at lines 415--415
[]|\T1/ptm/m/n/12 (-20) Call
 []


Overfull \hbox (6.9978pt too wide) in paragraph at lines 415--415
\T1/cmtt/m/n/12 POST
 []


Overfull \hbox (19.0361pt too wide) in paragraph at lines 415--415
\T1/cmtt/m/n/12 /users
 []


Overfull \hbox (3.08951pt too wide) in paragraph at lines 415--415
\T1/ptm/m/n/12 (-20) with
 []


Underfull \hbox (badness 10000) in paragraph at lines 415--415
\T1/ptm/m/n/12 (+20) stu-
 []


Overfull \hbox (2.86305pt too wide) in paragraph at lines 415--415
\T1/ptm/m/n/12 (-20) dent
 []


Overfull \hbox (2.20442pt too wide) in paragraph at lines 415--415
\T1/ptm/m/n/12 (-20) data| 
 []


Overfull \hbox (8.90764pt too wide) in paragraph at lines 415--415
[]|\T1/cmtt/m/n/12 name\T1/ptm/m/n/12 (-20) :
 []


Overfull \hbox (9.62508pt too wide) in paragraph at lines 415--415
\T1/ptm/m/n/12 (-20) "John
 []


Overfull \hbox (7.0026pt too wide) in paragraph at lines 415--415
\T1/ptm/m/n/12 (-20) Doe"| 
 []


Overfull \hbox (19.19743pt too wide) in paragraph at lines 415--415
[]|\T1/ptm/m/n/12 (-20) Returns
 []


Overfull \hbox (0.82431pt too wide) in paragraph at lines 415--415
\T1/cmtt/m/n/12 201
 []


Overfull \hbox (25.82695pt too wide) in paragraph at lines 415--415
\T1/cmtt/m/n/12 Created
 []


Overfull \hbox (3.08951pt too wide) in paragraph at lines 415--415
\T1/ptm/m/n/12 (-20) with
 []


Overfull \hbox (4.61111pt too wide) in paragraph at lines 415--415
\T1/ptm/m/n/12 (-20) User
 []


Underfull \hbox (badness 10000) in paragraph at lines 415--415
\T1/ptm/m/n/12 (+20) ob-
 []


Underfull \hbox (badness 10000) in paragraph at lines 415--415
\T1/ptm/m/n/12 (+3) ject
 []


Overfull \hbox (1.51791pt too wide) in paragraph at lines 415--415
\T1/ptm/m/n/12 (-20) con-
 []


Overfull \hbox (2.17624pt too wide) in paragraph at lines 415--415
\T1/ptm/m/n/12 (-20) tain-
 []


Underfull \hbox (badness 10000) in paragraph at lines 415--415
\T1/ptm/m/n/12 (+20) ing
 []


Overfull \hbox (2.17654pt too wide) in paragraph at lines 415--415
\T1/ptm/m/n/12 (-20) non-
 []


Overfull \hbox (0.91084pt too wide) in paragraph at lines 415--415
\T1/ptm/m/n/12 (-20) null
 []


Underfull \hbox (badness 10000) in paragraph at lines 415--415
\T1/cmtt/m/n/12 id\T1/ptm/m/n/12 (+20) ,
 []


Overfull \hbox (14.91997pt too wide) in paragraph at lines 415--415
\T1/cmtt/m/n/12 email\T1/ptm/m/n/12 (-20) ,
 []


Underfull \hbox (badness 10000) in paragraph at lines 415--415
\T1/ptm/m/n/12 (+3) and
 []


Overfull \hbox (16.56671pt too wide) in paragraph at lines 415--415
\T1/cmtt/m/n/12 roll_-
 []


Overfull \hbox (19.65346pt too wide) in paragraph at lines 415--415
\T1/cmtt/m/n/12 number| 
 []


Overfull \hbox (4.08322pt too wide) in paragraph at lines 415--415
[]|\T1/ptm/m/n/12 (-20) New
 []


Overfull \hbox (2.86305pt too wide) in paragraph at lines 415--415
\T1/ptm/m/n/12 (-20) dent
 []


Overfull \hbox (12.64732pt too wide) in paragraph at lines 415--415
\T1/ptm/m/n/12 (-20) record
 []


Underfull \hbox (badness 10000) in paragraph at lines 415--415
\T1/ptm/m/n/12 (+20) ex-
 []


Underfull \hbox (badness 10000) in paragraph at lines 415--415
\T1/ptm/m/n/12 (+20) ists
 []


Underfull \hbox (badness 10000) in paragraph at lines 415--415
\T1/ptm/m/n/12 (+20) in
 []


Overfull \hbox (23.1017pt too wide) in paragraph at lines 415--415
\T1/ptm/m/n/12 (-20) database
 []


Overfull \hbox (3.08951pt too wide) in paragraph at lines 415--415
\T1/ptm/m/n/12 (-20) with
 []


Overfull \hbox (15.26979pt too wide) in paragraph at lines 415--415
\T1/ptm/m/n/12 (-20) hashed
 []


Overfull \hbox (4.78696pt too wide) in paragraph at lines 415--415
\T1/ptm/m/n/12 (-20) pass-
 []


Overfull \hbox (7.66724pt too wide) in paragraph at lines 415--415
\T1/ptm/m/n/12 (-20) word,
 []


Overfull \hbox (10.18274pt too wide) in paragraph at lines 415--415
\T1/ptm/m/n/12 (-20) email,
 []


Overfull \hbox (6.7509pt too wide) in paragraph at lines 415--415
\T1/ptm/m/n/12 (-20) roll_-
 []


Overfull \hbox (5.4457pt too wide) in paragraph at lines 415--415
\T1/ptm/m/n/12 (-20) num-
 []


Underfull \hbox (badness 10000) in paragraph at lines 415--415
[]|\T1/ptm/m/n/12 (+20) As
 []


Underfull \hbox (badness 10000) in paragraph at lines 415--415
\T1/ptm/m/n/12 (+20) Ex-
 []


Overfull \hbox (13.3058pt too wide) in paragraph at lines 415--415
\T1/ptm/m/n/12 (-20) pected| 
 []


Overfull \hbox (3.34152pt too wide) in paragraph at lines 415--415
[]|\T1/ptm/m/n/12 (-20) Pass| 
 []


Overfull \hbox (11.55379pt too wide) in paragraph at lines 415--415
[]|\T1/ptm/m/n/12 (-20) Verify
 []


Underfull \hbox (badness 10000) in paragraph at lines 415--415
\T1/ptm/m/n/12 (+20) ad-
 []


Overfull \hbox (0.91083pt too wide) in paragraph at lines 415--415
\T1/ptm/m/n/12 (-20) min
 []


Underfull \hbox (badness 10000) in paragraph at lines 415--415
\T1/ptm/m/n/12 (+20) can
 []


Underfull \hbox (badness 10000) in paragraph at lines 415--415
\T1/ptm/m/n/12 (+20) cre-
 []


Underfull \hbox (badness 10000) in paragraph at lines 415--415
\T1/ptm/m/n/12 (+20) ate
 []


Underfull \hbox (badness 10000) in paragraph at lines 415--415
\T1/ptm/m/n/12 (+20) an
 []


Underfull \hbox (badness 10000) in paragraph at lines 415--415
\T1/ptm/m/n/12 (+20) in-
 []


Underfull \hbox (badness 10000) in paragraph at lines 415--415
\T1/ptm/m/n/12 (-7) ves-
 []


Underfull \hbox (badness 10000) in paragraph at lines 415--415
\T1/ptm/m/n/12 (+20) ti-
 []


Underfull \hbox (badness 10000) in paragraph at lines 415--415
\T1/ptm/m/n/12 (+20) ga-
 []


Underfull \hbox (badness 10000) in paragraph at lines 415--415
\T1/ptm/m/n/12 (+20) tor
 []


Overfull \hbox (2.20444pt too wide) in paragraph at lines 415--415
\T1/ptm/m/n/12 (-20) user| 
 []


Overfull \hbox (7.41089pt too wide) in paragraph at lines 415--415
[]|\T1/ptm/m/n/12 (-20) Valid
 []


Underfull \hbox (badness 10000) in paragraph at lines 415--415
\T1/ptm/m/n/12 (+20) ad-
 []


Overfull \hbox (0.91083pt too wide) in paragraph at lines 415--415
\T1/ptm/m/n/12 (-20) min
 []


Overfull \hbox (6.859pt too wide) in paragraph at lines 415--415
\T1/ptm/m/n/12 (-20) JWT;
 []


Overfull \hbox (23.1017pt too wide) in paragraph at lines 415--415
\T1/ptm/m/n/12 (-20) database
 []


Underfull \hbox (badness 10000) in paragraph at lines 415--415
\T1/ptm/m/n/12 (+20) ac-
 []


Underfull \hbox (badness 10000) in paragraph at lines 415--415
\T1/ptm/m/n/12 (+3) ces-
 []


Underfull \hbox (badness 10000) in paragraph at lines 415--415
\T1/ptm/m/n/12 (+20) si-
 []


Overfull \hbox (2.21603pt too wide) in paragraph at lines 415--415
[]|\T1/ptm/m/n/12 (-20) Call
 []


Overfull \hbox (6.9978pt too wide) in paragraph at lines 415--415
\T1/cmtt/m/n/12 POST
 []


Overfull \hbox (19.0361pt too wide) in paragraph at lines 415--415
\T1/cmtt/m/n/12 /users
 []


Overfull \hbox (3.08951pt too wide) in paragraph at lines 415--415
\T1/ptm/m/n/12 (-20) with
 []


Underfull \hbox (badness 10000) in paragraph at lines 415--415
\T1/ptm/m/n/12 (+20) in-
 []


Underfull \hbox (badness 10000) in paragraph at lines 415--415
\T1/ptm/m/n/12 (-7) ves-
 []


Underfull \hbox (badness 10000) in paragraph at lines 415--415
\T1/ptm/m/n/12 (+20) ti-
 []


Underfull \hbox (badness 10000) in paragraph at lines 415--415
\T1/ptm/m/n/12 (+20) ga-
 []


Underfull \hbox (badness 10000) in paragraph at lines 415--415
\T1/ptm/m/n/12 (+20) tor
 []


Overfull \hbox (2.20442pt too wide) in paragraph at lines 415--415
\T1/ptm/m/n/12 (-20) data| 
 []


Overfull \hbox (8.90764pt too wide) in paragraph at lines 415--415
[]|\T1/cmtt/m/n/12 name\T1/ptm/m/n/12 (-20) :
 []


Overfull \hbox (8.30782pt too wide) in paragraph at lines 415--415
\T1/ptm/m/n/12 (-20) "Jane
 []


Overfull \hbox (15.51651pt too wide) in paragraph at lines 415--415
\T1/ptm/m/n/12 (-20) Smith"| 
 []


Overfull \hbox (19.19743pt too wide) in paragraph at lines 415--415
[]|\T1/ptm/m/n/12 (-20) Returns
 []


Overfull \hbox (0.82431pt too wide) in paragraph at lines 415--415
\T1/cmtt/m/n/12 201
 []


Overfull \hbox (25.82695pt too wide) in paragraph at lines 415--415
\T1/cmtt/m/n/12 Created
 []


Overfull \hbox (3.08951pt too wide) in paragraph at lines 415--415
\T1/ptm/m/n/12 (-20) with
 []


Overfull \hbox (4.61111pt too wide) in paragraph at lines 415--415
\T1/ptm/m/n/12 (-20) User
 []


Underfull \hbox (badness 10000) in paragraph at lines 415--415
\T1/ptm/m/n/12 (+20) ob-
 []


Underfull \hbox (badness 10000) in paragraph at lines 415--415
\T1/ptm/m/n/12 (+3) ject
 []


Overfull \hbox (1.51791pt too wide) in paragraph at lines 415--415
\T1/ptm/m/n/12 (-20) con-
 []


Overfull \hbox (2.17624pt too wide) in paragraph at lines 415--415
\T1/ptm/m/n/12 (-20) tain-
 []


Underfull \hbox (badness 10000) in paragraph at lines 415--415
\T1/ptm/m/n/12 (+20) ing
 []


Overfull \hbox (50.52092pt too wide) in paragraph at lines 415--415
\T1/cmtt/m/n/12 designation
 []


Overfull \hbox (3.52153pt too wide) in paragraph at lines 415--415
\T1/ptm/m/n/12 (-20) field| 
 []


Overfull \hbox (4.08322pt too wide) in paragraph at lines 415--415
[]|\T1/ptm/m/n/12 (-20) New
 []


Underfull \hbox (badness 10000) in paragraph at lines 415--415
\T1/ptm/m/n/12 (+20) In-
 []


Underfull \hbox (badness 10000) in paragraph at lines 415--415
\T1/ptm/m/n/12 (-7) ves-
 []


Underfull \hbox (badness 10000) in paragraph at lines 415--415
\T1/ptm/m/n/12 (+20) ti-
 []


Underfull \hbox (badness 10000) in paragraph at lines 415--415
\T1/ptm/m/n/12 (+20) ga-
 []


Underfull \hbox (badness 10000) in paragraph at lines 415--415
\T1/ptm/m/n/12 (+20) tor
 []


Overfull \hbox (12.64732pt too wide) in paragraph at lines 415--415
\T1/ptm/m/n/12 (-20) record
 []


Underfull \hbox (badness 10000) in paragraph at lines 415--415
\T1/ptm/m/n/12 (+20) ex-
 []


Underfull \hbox (badness 10000) in paragraph at lines 415--415
\T1/ptm/m/n/12 (+20) ists
 []


Underfull \hbox (badness 10000) in paragraph at lines 415--415
\T1/ptm/m/n/12 (+20) in
 []


Overfull \hbox (23.1017pt too wide) in paragraph at lines 415--415
\T1/ptm/m/n/12 (-20) database
 []


Overfull \hbox (1.51791pt too wide) in paragraph at lines 415--415
\T1/ptm/m/n/12 (-20) con-
 []


Overfull \hbox (2.17624pt too wide) in paragraph at lines 415--415
\T1/ptm/m/n/12 (-20) tain-
 []


Underfull \hbox (badness 10000) in paragraph at lines 415--415
\T1/ptm/m/n/12 (+20) ing
 []


Underfull \hbox (badness 10000) in paragraph at lines 415--415
\T1/ptm/m/n/12 (+20) ig-
 []


Underfull \hbox (badness 10000) in paragraph at lines 415--415
\T1/ptm/m/n/12 (+20) na-
 []


Overfull \hbox (0.91084pt too wide) in paragraph at lines 415--415
\T1/ptm/m/n/12 (-20) tion| 
 []


Underfull \hbox (badness 10000) in paragraph at lines 415--415
[]|\T1/ptm/m/n/12 (+20) As
 []


Underfull \hbox (badness 10000) in paragraph at lines 415--415
\T1/ptm/m/n/12 (+20) Ex-
 []


Overfull \hbox (13.3058pt too wide) in paragraph at lines 415--415
\T1/ptm/m/n/12 (-20) pected| 
 []


Overfull \hbox (3.34152pt too wide) in paragraph at lines 415--415
[]|\T1/ptm/m/n/12 (-20) Pass| 
 []


Overfull \hbox (19.83267pt too wide) in paragraph at lines 415--415
[]|\T1/ptm/m/n/12 (-20) Enforce
 []


Overfull \hbox (13.73479pt too wide) in paragraph at lines 415--415
\T1/ptm/m/n/12 (-20) RBAC
 []


Underfull \hbox (badness 10000) in paragraph at lines 415--415
\T1/ptm/m/n/12 (+20) on
 []


Overfull \hbox (2.00044pt too wide) in paragraph at lines 415--415
\T1/ptm/m/n/12 (-20) user
 []


Underfull \hbox (badness 10000) in paragraph at lines 415--415
\T1/ptm/m/n/12 (+20) cre-
 []


Overfull \hbox (6.13222pt too wide) in paragraph at lines 415--415
\T1/ptm/m/n/12 (-20) ation| 
 []


Overfull \hbox (48.58536pt too wide) in paragraph at lines 415--415
[]|\T1/ptm/m/n/12 (-20) Authenticated
 []


Underfull \hbox (badness 10000) in paragraph at lines 415--415
\T1/ptm/m/n/12 (+20) in-
 []


Underfull \hbox (badness 10000) in paragraph at lines 415--415
\T1/ptm/m/n/12 (-7) ves-
 []


Underfull \hbox (badness 10000) in paragraph at lines 415--415
\T1/ptm/m/n/12 (+20) ti-
 []


Underfull \hbox (badness 10000) in paragraph at lines 415--415
\T1/ptm/m/n/12 (+20) ga-
 []


Underfull \hbox (badness 10000) in paragraph at lines 415--415
\T1/ptm/m/n/12 (+20) tor
 []


Overfull \hbox (5.24574pt too wide) in paragraph at lines 415--415
\T1/ptm/m/n/12 (-20) JWT| 
 []


Overfull \hbox (2.21603pt too wide) in paragraph at lines 415--415
[]|\T1/ptm/m/n/12 (-20) Call
 []


Overfull \hbox (6.9978pt too wide) in paragraph at lines 415--415
\T1/cmtt/m/n/12 POST
 []


Overfull \hbox (19.0361pt too wide) in paragraph at lines 415--415
\T1/cmtt/m/n/12 /users
 []


Overfull \hbox (3.08951pt too wide) in paragraph at lines 415--415
\T1/ptm/m/n/12 (-20) with
 []


Overfull \hbox (5.53221pt too wide) in paragraph at lines 415--415
\T1/ptm/m/n/12 (-20) valid
 []


Overfull \hbox (2.00044pt too wide) in paragraph at lines 415--415
\T1/ptm/m/n/12 (-20) user
 []


Overfull \hbox (2.20442pt too wide) in paragraph at lines 415--415
\T1/ptm/m/n/12 (-20) data| 
 []


Overfull \hbox (8.74289pt too wide) in paragraph at lines 415--415
[]|\T1/ptm/m/n/12 (-20) Same
 []


Underfull \hbox (badness 10000) in paragraph at lines 415--415
\T1/ptm/m/n/12 (+20) as
 []


Overfull \hbox (14.9097pt too wide) in paragraph at lines 415--415
\T1/ptm/m/n/12 (-20) TC401| 
 []


Overfull \hbox (19.19743pt too wide) in paragraph at lines 415--415
[]|\T1/ptm/m/n/12 (-20) Returns
 []


Overfull \hbox (0.82431pt too wide) in paragraph at lines 415--415
\T1/cmtt/m/n/12 403
 []


Overfull \hbox (38.17393pt too wide) in paragraph at lines 415--415
\T1/cmtt/m/n/12 Forbidden
 []


Overfull \hbox (3.08951pt too wide) in paragraph at lines 415--415
\T1/ptm/m/n/12 (-20) with
 []


Overfull \hbox (9.33774pt too wide) in paragraph at lines 415--415
\T1/ptm/m/n/12 (-20) ``Only
 []


Underfull \hbox (badness 10000) in paragraph at lines 415--415
\T1/ptm/m/n/12 (+20) ad-
 []


Overfull \hbox (5.48535pt too wide) in paragraph at lines 415--415
\T1/ptm/m/n/12 (-20) mins
 []


Underfull \hbox (badness 10000) in paragraph at lines 415--415
\T1/ptm/m/n/12 (+20) can
 []


Underfull \hbox (badness 10000) in paragraph at lines 415--415
\T1/ptm/m/n/12 (+20) cre-
 []


Underfull \hbox (badness 10000) in paragraph at lines 415--415
\T1/ptm/m/n/12 (+20) ate
 []


Overfull \hbox (12.00034pt too wide) in paragraph at lines 415--415
\T1/ptm/m/n/12 (-20) users''| 
 []


Underfull \hbox (badness 10000) in paragraph at lines 415--415
[]|\T1/ptm/m/n/12 (+20) No
 []


Overfull \hbox (1.47255pt too wide) in paragraph at lines 415--415
\T1/ptm/m/n/12 (-20) new
 []


Overfull \hbox (2.00044pt too wide) in paragraph at lines 415--415
\T1/ptm/m/n/12 (-20) user
 []


Overfull \hbox (12.64732pt too wide) in paragraph at lines 415--415
\T1/ptm/m/n/12 (-20) record
 []


Underfull \hbox (badness 10000) in paragraph at lines 415--415
\T1/ptm/m/n/12 (+20) is
 []


Underfull \hbox (badness 10000) in paragraph at lines 415--415
\T1/ptm/m/n/12 (+20) cre-
 []


Overfull \hbox (2.20442pt too wide) in paragraph at lines 415--415
\T1/ptm/m/n/12 (-20) ated| 
 []


Underfull \hbox (badness 10000) in paragraph at lines 415--415
[]|\T1/ptm/m/n/12 (+20) As
 []


Underfull \hbox (badness 10000) in paragraph at lines 415--415
\T1/ptm/m/n/12 (+20) Ex-
 []


Overfull \hbox (13.3058pt too wide) in paragraph at lines 415--415
\T1/ptm/m/n/12 (-20) pected| 
 []


Overfull \hbox (3.34152pt too wide) in paragraph at lines 415--415
[]|\T1/ptm/m/n/12 (-20) Pass| 
 []


Overfull \hbox (18.05905pt too wide) in paragraph at lines 415--415
[]|\T1/ptm/m/n/12 (-20) Prevent
 []


Underfull \hbox (badness 10000) in paragraph at lines 415--415
\T1/ptm/m/n/12 (+20) du-
 []


Underfull \hbox (badness 10000) in paragraph at lines 415--415
\T1/ptm/m/n/12 (+20) pli-
 []


Overfull \hbox (1.54579pt too wide) in paragraph at lines 415--415
\T1/ptm/m/n/12 (-20) cate
 []


Overfull \hbox (8.74274pt too wide) in paragraph at lines 415--415
\T1/ptm/m/n/12 (-20) email
 []


Underfull \hbox (badness 10000) in paragraph at lines 415--415
\T1/ptm/m/n/12 (+20) is-
 []


Underfull \hbox (badness 10000) in paragraph at lines 415--415
\T1/ptm/m/n/12 (+20) tra-
 []


Overfull \hbox (0.91084pt too wide) in paragraph at lines 415--415
\T1/ptm/m/n/12 (-20) tion| 
 []


Overfull \hbox (7.41089pt too wide) in paragraph at lines 415--415
[]|\T1/ptm/m/n/12 (-20) Valid
 []


Underfull \hbox (badness 10000) in paragraph at lines 415--415
\T1/ptm/m/n/12 (+20) ad-
 []


Overfull \hbox (0.91083pt too wide) in paragraph at lines 415--415
\T1/ptm/m/n/12 (-20) min
 []


Overfull \hbox (6.859pt too wide) in paragraph at lines 415--415
\T1/ptm/m/n/12 (-20) JWT;
 []


Underfull \hbox (badness 10000) in paragraph at lines 415--415
\T1/ptm/m/n/12 (+20) ex-
 []


Underfull \hbox (badness 10000) in paragraph at lines 415--415
\T1/ptm/m/n/12 (+20) ist-
 []


Underfull \hbox (badness 10000) in paragraph at lines 415--415
\T1/ptm/m/n/12 (+20) ing
 []


Overfull \hbox (2.00044pt too wide) in paragraph at lines 415--415
\T1/ptm/m/n/12 (-20) user
 []


Overfull \hbox (3.08951pt too wide) in paragraph at lines 415--415
\T1/ptm/m/n/12 (-20) with
 []


Overfull \hbox (8.74274pt too wide) in paragraph at lines 415--415
\T1/ptm/m/n/12 (-20) email
 []


Overfull \hbox (86.05244pt too wide) in paragraph at lines 415--415
\T1/ptm/m/n/12 (-20) ``john@example.com''| 
 []


Overfull \hbox (2.21603pt too wide) in paragraph at lines 415--415
[]|\T1/ptm/m/n/12 (-20) Call
 []


Overfull \hbox (6.9978pt too wide) in paragraph at lines 415--415
\T1/cmtt/m/n/12 POST
 []


Overfull \hbox (19.0361pt too wide) in paragraph at lines 415--415
\T1/cmtt/m/n/12 /users
 []


Overfull \hbox (3.08951pt too wide) in paragraph at lines 415--415
\T1/ptm/m/n/12 (-20) with
 []


Overfull \hbox (6.77893pt too wide) in paragraph at lines 415--415
\T1/ptm/m/n/12 (-20) same
 []


Overfull \hbox (8.74274pt too wide) in paragraph at lines 415--415
\T1/ptm/m/n/12 (-20) email| 
 []


Overfull \hbox (15.08113pt too wide) in paragraph at lines 415--415
[]|\T1/cmtt/m/n/12 email\T1/ptm/m/n/12 (-20) :
 []


Overfull \hbox (86.80176pt too wide) in paragraph at lines 415--415
\T1/ptm/m/n/12 (-20) "john@example.com"| 
 []


Overfull \hbox (19.19743pt too wide) in paragraph at lines 415--415
[]|\T1/ptm/m/n/12 (-20) Returns
 []


Overfull \hbox (0.82431pt too wide) in paragraph at lines 415--415
\T1/cmtt/m/n/12 400
 []


Overfull \hbox (1.13298pt too wide) in paragraph at lines 415--415
\T1/cmtt/m/n/12 Bad
 []


Overfull \hbox (25.82695pt too wide) in paragraph at lines 415--415
\T1/cmtt/m/n/12 Request
 []


Overfull \hbox (3.08951pt too wide) in paragraph at lines 415--415
\T1/ptm/m/n/12 (-20) with
 []


Overfull \hbox (14.33209pt too wide) in paragraph at lines 415--415
\T1/ptm/m/n/12 (-20) ``Email
 []


Underfull \hbox (badness 10000) in paragraph at lines 415--415
\T1/ptm/m/n/12 (+20) al-
 []


Overfull \hbox (8.3113pt too wide) in paragraph at lines 415--415
\T1/ptm/m/n/12 (-20) ready
 []


Underfull \hbox (badness 10000) in paragraph at lines 415--415
\T1/ptm/m/n/12 (+20) is-
 []


Overfull \hbox (11.34183pt too wide) in paragraph at lines 415--415
\T1/ptm/m/n/12 (-20) tered''| 
 []


Underfull \hbox (badness 10000) in paragraph at lines 415--415
[]|\T1/ptm/m/n/12 (+20) No
 []


Underfull \hbox (badness 10000) in paragraph at lines 415--415
\T1/ptm/m/n/12 (+20) du-
 []


Underfull \hbox (badness 10000) in paragraph at lines 415--415
\T1/ptm/m/n/12 (+20) pli-
 []


Overfull \hbox (1.54579pt too wide) in paragraph at lines 415--415
\T1/ptm/m/n/12 (-20) cate
 []


Overfull \hbox (2.00044pt too wide) in paragraph at lines 415--415
\T1/ptm/m/n/12 (-20) user
 []


Underfull \hbox (badness 10000) in paragraph at lines 415--415
\T1/ptm/m/n/12 (+20) is
 []


Underfull \hbox (badness 10000) in paragraph at lines 415--415
\T1/ptm/m/n/12 (+20) cre-
 []


Overfull \hbox (2.20442pt too wide) in paragraph at lines 415--415
\T1/ptm/m/n/12 (-20) ated| 
 []


Underfull \hbox (badness 10000) in paragraph at lines 415--415
[]|\T1/ptm/m/n/12 (+20) As
 []


Underfull \hbox (badness 10000) in paragraph at lines 415--415
\T1/ptm/m/n/12 (+20) Ex-
 []


Overfull \hbox (13.3058pt too wide) in paragraph at lines 415--415
\T1/ptm/m/n/12 (-20) pected| 
 []


Overfull \hbox (3.34152pt too wide) in paragraph at lines 415--415
[]|\T1/ptm/m/n/12 (-20) Pass| 
 []


Overfull \hbox (11.55379pt too wide) in paragraph at lines 415--415
[]|\T1/ptm/m/n/12 (-20) Verify
 []


Underfull \hbox (badness 10000) in paragraph at lines 415--415
\T1/ptm/m/n/12 (+20) ad-
 []


Overfull \hbox (0.91083pt too wide) in paragraph at lines 415--415
\T1/ptm/m/n/12 (-20) min
 []


Underfull \hbox (badness 10000) in paragraph at lines 415--415
\T1/ptm/m/n/12 (+20) can
 []


Underfull \hbox (badness 10000) in paragraph at lines 415--415
\T1/ptm/m/n/12 (+20) re-
 []


Overfull \hbox (8.90973pt too wide) in paragraph at lines 415--415
\T1/ptm/m/n/12 (-20) trieve
 []


Underfull \hbox (badness 10000) in paragraph at lines 415--415
\T1/ptm/m/n/12 (+20) all
 []


Overfull \hbox (6.77896pt too wide) in paragraph at lines 415--415
\T1/ptm/m/n/12 (-20) users
 []


Overfull \hbox (3.08951pt too wide) in paragraph at lines 415--415
\T1/ptm/m/n/12 (-20) with
 []


Overfull \hbox (1.51791pt too wide) in paragraph at lines 415--415
\T1/ptm/m/n/12 (-20) pag-
 []


Underfull \hbox (badness 10000) in paragraph at lines 415--415
\T1/ptm/m/n/12 (+20) i-na-
 []


Overfull \hbox (0.91084pt too wide) in paragraph at lines 415--415
\T1/ptm/m/n/12 (-20) tion| 
 []


Overfull \hbox (7.41089pt too wide) in paragraph at lines 415--415
[]|\T1/ptm/m/n/12 (-20) Valid
 []


Underfull \hbox (badness 10000) in paragraph at lines 415--415
\T1/ptm/m/n/12 (+20) ad-
 []


Overfull \hbox (0.91083pt too wide) in paragraph at lines 415--415
\T1/ptm/m/n/12 (-20) min
 []


Overfull \hbox (6.859pt too wide) in paragraph at lines 415--415
\T1/ptm/m/n/12 (-20) JWT;
 []


Overfull \hbox (2.83485pt too wide) in paragraph at lines 415--415
\T1/ptm/m/n/12 (-20) mul-
 []


Underfull \hbox (badness 10000) in paragraph at lines 415--415
\T1/ptm/m/n/12 (+20) ti-
 []


Underfull \hbox (badness 10000) in paragraph at lines 415--415
\T1/ptm/m/n/12 (+20) ple
 []


Overfull \hbox (6.77896pt too wide) in paragraph at lines 415--415
\T1/ptm/m/n/12 (-20) users
 []


Underfull \hbox (badness 10000) in paragraph at lines 415--415
\T1/ptm/m/n/12 (+20) in
 []


Overfull \hbox (23.1017pt too wide) in paragraph at lines 415--415
\T1/ptm/m/n/12 (-20) database| 
 []


Overfull \hbox (2.21603pt too wide) in paragraph at lines 415--415
[]|\T1/ptm/m/n/12 (-20) Call
 []


Overfull \hbox (0.82431pt too wide) in paragraph at lines 415--415
\T1/cmtt/m/n/12 GET
 []


Overfull \hbox (117.81198pt too wide) in paragraph at lines 415--415
\T1/cmtt/m/n/12 /users?page=1&limit=10| 
 []


Overfull \hbox (8.90764pt too wide) in paragraph at lines 415--415
[]|\T1/cmtt/m/n/12 page\T1/ptm/m/n/12 (-20) :
 []


Overfull \hbox (19.19743pt too wide) in paragraph at lines 415--415
[]|\T1/ptm/m/n/12 (-20) Returns
 []


Overfull \hbox (1.13298pt too wide) in paragraph at lines 415--415
\T1/cmtt/m/n/12 200
 []


Underfull \hbox (badness 10000) in paragraph at lines 415--415
\T1/cmtt/m/n/12 OK
 []


Overfull \hbox (3.08951pt too wide) in paragraph at lines 415--415
\T1/ptm/m/n/12 (-20) with
 []


Underfull \hbox (badness 10000) in paragraph at lines 415--415
\T1/ptm/m/n/12 (+20) list
 []


Underfull \hbox (badness 10000) in paragraph at lines 415--415
\T1/ptm/m/n/12 (+20) of
 []


Underfull \hbox (badness 10000) in paragraph at lines 415--415
\T1/ptm/m/n/12 (+20) up
 []


Underfull \hbox (badness 10000) in paragraph at lines 415--415
\T1/ptm/m/n/12 (+20) to
 []


Underfull \hbox (badness 10000) in paragraph at lines 415--415
\T1/ptm/m/n/12 (+20) 10
 []


Overfull \hbox (8.21896pt too wide) in paragraph at lines 415--415
\T1/ptm/m/n/12 (-20) users,
 []


Underfull \hbox (badness 10000) in paragraph at lines 415--415
\T1/ptm/m/n/12 (+20) to-
 []


Underfull \hbox (badness 10000) in paragraph at lines 415--415
\T1/ptm/m/n/12 (+20) tal
 []


Overfull \hbox (10.18306pt too wide) in paragraph at lines 415--415
\T1/ptm/m/n/12 (-20) count,
 []


Underfull \hbox (badness 10000) in paragraph at lines 415--415
\T1/ptm/m/n/12 (+3) and
 []


Overfull \hbox (1.51791pt too wide) in paragraph at lines 415--415
\T1/ptm/m/n/12 (-20) pag-
 []


Underfull \hbox (badness 10000) in paragraph at lines 415--415
\T1/ptm/m/n/12 (+20) i-na-
 []


Overfull \hbox (0.91084pt too wide) in paragraph at lines 415--415
\T1/ptm/m/n/12 (-20) tion
 []


Overfull \hbox (7.3976pt too wide) in paragraph at lines 415--415
\T1/ptm/m/n/12 (-20) meta-
 []


Overfull \hbox (2.20442pt too wide) in paragraph at lines 415--415
\T1/ptm/m/n/12 (-20) data| 
 []


Overfull \hbox (27.68814pt too wide) in paragraph at lines 415--415
[]|\T1/ptm/m/n/12 (-20) Response
 []


Overfull \hbox (1.51791pt too wide) in paragraph at lines 415--415
\T1/ptm/m/n/12 (-20) con-
 []


Overfull \hbox (4.82674pt too wide) in paragraph at lines 415--415
\T1/ptm/m/n/12 (-20) tains
 []


Overfull \hbox (5.53221pt too wide) in paragraph at lines 415--415
\T1/ptm/m/n/12 (-20) valid
 []


Overfull \hbox (2.00044pt too wide) in paragraph at lines 415--415
\T1/ptm/m/n/12 (-20) user
 []


Underfull \hbox (badness 10000) in paragraph at lines 415--415
[]|\T1/ptm/m/n/12 (+20) As
 []


Underfull \hbox (badness 10000) in paragraph at lines 415--415
\T1/ptm/m/n/12 (+20) Ex-
 []


Overfull \hbox (13.3058pt too wide) in paragraph at lines 415--415
\T1/ptm/m/n/12 (-20) pected| 
 []


Overfull \hbox (3.34152pt too wide) in paragraph at lines 415--415
[]|\T1/ptm/m/n/12 (-20) Pass| 
 []


Overfull \hbox (7.89189pt too wide) in paragraph at lines 415--415
[]|\T1/ptm/m/n/12 (-20) Filter
 []


Overfull \hbox (6.77896pt too wide) in paragraph at lines 415--415
\T1/ptm/m/n/12 (-20) users
 []


Underfull \hbox (badness 10000) in paragraph at lines 415--415
\T1/ptm/m/n/12 (+20) by
 []


Overfull \hbox (0.89908pt too wide) in paragraph at lines 415--415
\T1/ptm/m/n/12 (-20) role| 
 []


Overfull \hbox (7.41089pt too wide) in paragraph at lines 415--415
[]|\T1/ptm/m/n/12 (-20) Valid
 []


Underfull \hbox (badness 10000) in paragraph at lines 415--415
\T1/ptm/m/n/12 (+20) ad-
 []


Overfull \hbox (0.91083pt too wide) in paragraph at lines 415--415
\T1/ptm/m/n/12 (-20) min
 []


Overfull \hbox (6.859pt too wide) in paragraph at lines 415--415
\T1/ptm/m/n/12 (-20) JWT;
 []


Overfull \hbox (6.77896pt too wide) in paragraph at lines 415--415
\T1/ptm/m/n/12 (-20) users
 []


Underfull \hbox (badness 10000) in paragraph at lines 415--415
\T1/ptm/m/n/12 (+20) of
 []


Underfull \hbox (badness 10000) in paragraph at lines 415--415
\T1/ptm/m/n/12 (+20) dif-
 []


Underfull \hbox (badness 10000) in paragraph at lines 415--415
\T1/ptm/m/n/12 (+20) fer-
 []


Underfull \hbox (badness 10000) in paragraph at lines 415--415
\T1/ptm/m/n/12 (+20) ent
 []


Overfull \hbox (5.4736pt too wide) in paragraph at lines 415--415
\T1/ptm/m/n/12 (-20) roles
 []


Underfull \hbox (badness 10000) in paragraph at lines 415--415
\T1/ptm/m/n/12 (+20) ex-
 []


Overfull \hbox (2.21603pt too wide) in paragraph at lines 415--415
[]|\T1/ptm/m/n/12 (-20) Call
 []


Overfull \hbox (0.82431pt too wide) in paragraph at lines 415--415
\T1/cmtt/m/n/12 GET
 []


Overfull \hbox (99.2915pt too wide) in paragraph at lines 415--415
\T1/cmtt/m/n/12 /users?role=student| 
 []


Overfull \hbox (8.90764pt too wide) in paragraph at lines 415--415
[]|\T1/cmtt/m/n/12 role\T1/ptm/m/n/12 (-20) :
 []


Overfull \hbox (3.05826pt too wide) in paragraph at lines 415--415
\T1/ptm/m/n/12 (-20) "stu-
 []


Overfull \hbox (7.66109pt too wide) in paragraph at lines 415--415
\T1/ptm/m/n/12 (-20) dent"| 
 []


Overfull \hbox (19.19743pt too wide) in paragraph at lines 415--415
[]|\T1/ptm/m/n/12 (-20) Returns
 []


Overfull \hbox (3.10168pt too wide) in paragraph at lines 415--415
\T1/ptm/m/n/12 (-20) only
 []


Overfull \hbox (2.86305pt too wide) in paragraph at lines 415--415
\T1/ptm/m/n/12 (-20) dent
 []


Overfull \hbox (6.77896pt too wide) in paragraph at lines 415--415
\T1/ptm/m/n/12 (-20) users
 []


Underfull \hbox (badness 10000) in paragraph at lines 415--415
\T1/ptm/m/n/12 (+20) in
 []


Underfull \hbox (badness 10000) in paragraph at lines 415--415
\T1/ptm/m/n/12 (+20) the
 []


Underfull \hbox (badness 10000) in paragraph at lines 415--415
\T1/ptm/m/n/12 (+20) re-
 []


Overfull \hbox (14.62294pt too wide) in paragraph at lines 415--415
\T1/ptm/m/n/12 (-20) sponse| 
 []


Overfull \hbox (27.68814pt too wide) in paragraph at lines 415--415
[]|\T1/ptm/m/n/12 (-20) Response
 []


Overfull \hbox (1.51791pt too wide) in paragraph at lines 415--415
\T1/ptm/m/n/12 (-20) con-
 []


Overfull \hbox (4.82674pt too wide) in paragraph at lines 415--415
\T1/ptm/m/n/12 (-20) tains
 []


Overfull \hbox (3.10168pt too wide) in paragraph at lines 415--415
\T1/ptm/m/n/12 (-20) only
 []


Underfull \hbox (badness 10000) in paragraph at lines 415--415
\T1/ptm/m/n/12 (+20) stu-
 []


Overfull \hbox (7.43758pt too wide) in paragraph at lines 415--415
\T1/ptm/m/n/12 (-20) dents| 
 []


Underfull \hbox (badness 10000) in paragraph at lines 415--415
[]|\T1/ptm/m/n/12 (+20) As
 []


Underfull \hbox (badness 10000) in paragraph at lines 415--415
\T1/ptm/m/n/12 (+20) Ex-
 []


Overfull \hbox (13.3058pt too wide) in paragraph at lines 415--415
\T1/ptm/m/n/12 (-20) pected| 
 []


Overfull \hbox (3.34152pt too wide) in paragraph at lines 415--415
[]|\T1/ptm/m/n/12 (-20) Pass| 
 []


Overfull \hbox (11.55379pt too wide) in paragraph at lines 415--415
[]|\T1/ptm/m/n/12 (-20) Verify
 []


Underfull \hbox (badness 10000) in paragraph at lines 415--415
\T1/ptm/m/n/12 (+20) ad-
 []


Overfull \hbox (0.91083pt too wide) in paragraph at lines 415--415
\T1/ptm/m/n/12 (-20) min
 []


Underfull \hbox (badness 10000) in paragraph at lines 415--415
\T1/ptm/m/n/12 (+20) can
 []


Underfull \hbox (badness 10000) in paragraph at lines 415--415
\T1/ptm/m/n/12 (+20) up-
 []


Overfull \hbox (2.20442pt too wide) in paragraph at lines 415--415
\T1/ptm/m/n/12 (-20) date
 []


Overfull \hbox (2.00044pt too wide) in paragraph at lines 415--415
\T1/ptm/m/n/12 (-20) user
 []


Underfull \hbox (badness 10000) in paragraph at lines 415--415
\T1/ptm/m/n/12 (+20) in-
 []


Underfull \hbox (badness 10000) in paragraph at lines 415--415
\T1/ptm/m/n/12 (+20) for-
 []


Underfull \hbox (badness 10000) in paragraph at lines 415--415
\T1/ptm/m/n/12 (+20) ma-
 []


Overfull \hbox (0.91084pt too wide) in paragraph at lines 415--415
\T1/ptm/m/n/12 (-20) tion| 
 []


Overfull \hbox (7.41089pt too wide) in paragraph at lines 415--415
[]|\T1/ptm/m/n/12 (-20) Valid
 []


Underfull \hbox (badness 10000) in paragraph at lines 415--415
\T1/ptm/m/n/12 (+20) ad-
 []


Overfull \hbox (0.91083pt too wide) in paragraph at lines 415--415
\T1/ptm/m/n/12 (-20) min
 []


Overfull \hbox (6.859pt too wide) in paragraph at lines 415--415
\T1/ptm/m/n/12 (-20) JWT;
 []


Underfull \hbox (badness 10000) in paragraph at lines 415--415
\T1/ptm/m/n/12 (+20) ex-
 []


Underfull \hbox (badness 10000) in paragraph at lines 415--415
\T1/ptm/m/n/12 (+20) ist-
 []


Underfull \hbox (badness 10000) in paragraph at lines 415--415
\T1/ptm/m/n/12 (+20) ing
 []


Overfull \hbox (2.17654pt too wide) in paragraph at lines 415--415
\T1/ptm/m/n/12 (-20) non-
 []


Overfull \hbox (12.0122pt too wide) in paragraph at lines 415--415
\T1/ptm/m/n/12 (-20) admin
 []


Overfull \hbox (2.20444pt too wide) in paragraph at lines 415--415
\T1/ptm/m/n/12 (-20) user| 
 []


Overfull \hbox (2.21603pt too wide) in paragraph at lines 415--415
[]|\T1/ptm/m/n/12 (-20) Call
 []


Overfull \hbox (0.82431pt too wide) in paragraph at lines 415--415
\T1/cmtt/m/n/12 PUT
 []


Overfull \hbox (65.3373pt too wide) in paragraph at lines 415--415
\T1/cmtt/m/n/12 /users/{user_-
 []


Underfull \hbox (badness 10000) in paragraph at lines 415--415
\T1/cmtt/m/n/12 id}
 []


Overfull \hbox (3.08951pt too wide) in paragraph at lines 415--415
\T1/ptm/m/n/12 (-20) with
 []


Underfull \hbox (badness 10000) in paragraph at lines 415--415
\T1/ptm/m/n/12 (+20) up-
 []


Overfull \hbox (8.08443pt too wide) in paragraph at lines 415--415
\T1/ptm/m/n/12 (-20) dated
 []


Overfull \hbox (2.20442pt too wide) in paragraph at lines 415--415
\T1/ptm/m/n/12 (-20) data| 
 []


Overfull \hbox (8.90764pt too wide) in paragraph at lines 415--415
[]|\T1/cmtt/m/n/12 name\T1/ptm/m/n/12 (-20) :
 []


Overfull \hbox (3.70525pt too wide) in paragraph at lines 415--415
\T1/ptm/m/n/12 (-20) "Up-
 []


Overfull \hbox (8.08443pt too wide) in paragraph at lines 415--415
\T1/ptm/m/n/12 (-20) dated
 []


Overfull \hbox (15.49312pt too wide) in paragraph at lines 415--415
\T1/ptm/m/n/12 (-20) Name"| 
 []


Overfull \hbox (19.19743pt too wide) in paragraph at lines 415--415
[]|\T1/ptm/m/n/12 (-20) Returns
 []


Overfull \hbox (1.13298pt too wide) in paragraph at lines 415--415
\T1/cmtt/m/n/12 200
 []


Underfull \hbox (badness 10000) in paragraph at lines 415--415
\T1/cmtt/m/n/12 OK
 []


Overfull \hbox (3.08951pt too wide) in paragraph at lines 415--415
\T1/ptm/m/n/12 (-20) with
 []


Underfull \hbox (badness 10000) in paragraph at lines 415--415
\T1/ptm/m/n/12 (+20) up-
 []


Overfull \hbox (8.08443pt too wide) in paragraph at lines 415--415
\T1/ptm/m/n/12 (-20) dated
 []


Overfull \hbox (4.61111pt too wide) in paragraph at lines 415--415
\T1/ptm/m/n/12 (-20) User
 []


Underfull \hbox (badness 10000) in paragraph at lines 415--415
\T1/ptm/m/n/12 (+20) ob-
 []


Overfull \hbox (4.61111pt too wide) in paragraph at lines 415--415
[]|\T1/ptm/m/n/12 (-20) User
 []


Overfull \hbox (12.64732pt too wide) in paragraph at lines 415--415
\T1/ptm/m/n/12 (-20) record
 []


Underfull \hbox (badness 10000) in paragraph at lines 415--415
\T1/ptm/m/n/12 (+20) re-
 []


Overfull \hbox (7.43742pt too wide) in paragraph at lines 415--415
\T1/ptm/m/n/12 (-20) flects
 []


Overfull \hbox (1.47255pt too wide) in paragraph at lines 415--415
\T1/ptm/m/n/12 (-20) new
 []


Overfull \hbox (8.08441pt too wide) in paragraph at lines 415--415
\T1/ptm/m/n/12 (-20) name
 []


Underfull \hbox (badness 10000) in paragraph at lines 415--415
\T1/ptm/m/n/12 (+3) and
 []


Overfull \hbox (8.74274pt too wide) in paragraph at lines 415--415
\T1/ptm/m/n/12 (-20) email| 
 []


Underfull \hbox (badness 10000) in paragraph at lines 415--415
[]|\T1/ptm/m/n/12 (+20) As
 []


Underfull \hbox (badness 10000) in paragraph at lines 415--415
\T1/ptm/m/n/12 (+20) Ex-
 []


Overfull \hbox (13.3058pt too wide) in paragraph at lines 415--415
\T1/ptm/m/n/12 (-20) pected| 
 []


Overfull \hbox (3.34152pt too wide) in paragraph at lines 415--415
[]|\T1/ptm/m/n/12 (-20) Pass| 
 []


Overfull \hbox (18.05905pt too wide) in paragraph at lines 415--415
[]|\T1/ptm/m/n/12 (-20) Prevent
 []


Underfull \hbox (badness 10000) in paragraph at lines 415--415
\T1/ptm/m/n/12 (+20) ad-
 []


Overfull \hbox (0.91083pt too wide) in paragraph at lines 415--415
\T1/ptm/m/n/12 (-20) min
 []


Overfull \hbox (5.47372pt too wide) in paragraph at lines 415--415
\T1/ptm/m/n/12 (-20) from
 []


Overfull \hbox (2.17624pt too wide) in paragraph at lines 415--415
\T1/ptm/m/n/12 (-20) edit-
 []


Underfull \hbox (badness 10000) in paragraph at lines 415--415
\T1/ptm/m/n/12 (+20) ing
 []


Overfull \hbox (6.57509pt too wide) in paragraph at lines 415--415
\T1/ptm/m/n/12 (-20) other
 []


Underfull \hbox (badness 10000) in paragraph at lines 415--415
\T1/ptm/m/n/12 (+20) ad-
 []


Overfull \hbox (0.91083pt too wide) in paragraph at lines 415--415
\T1/ptm/m/n/12 (-20) min
 []


Overfull \hbox (6.77896pt too wide) in paragraph at lines 415--415
\T1/ptm/m/n/12 (-20) users| 
 []


Overfull \hbox (7.41089pt too wide) in paragraph at lines 415--415
[]|\T1/ptm/m/n/12 (-20) Valid
 []


Underfull \hbox (badness 10000) in paragraph at lines 415--415
\T1/ptm/m/n/12 (+20) ad-
 []


Overfull \hbox (0.91083pt too wide) in paragraph at lines 415--415
\T1/ptm/m/n/12 (-20) min
 []


Overfull \hbox (6.859pt too wide) in paragraph at lines 415--415
\T1/ptm/m/n/12 (-20) JWT;
 []


Underfull \hbox (badness 10000) in paragraph at lines 415--415
\T1/ptm/m/n/12 (+20) an-
 []


Overfull \hbox (6.57509pt too wide) in paragraph at lines 415--415
\T1/ptm/m/n/12 (-20) other
 []


Underfull \hbox (badness 10000) in paragraph at lines 415--415
\T1/ptm/m/n/12 (+20) ad-
 []


Overfull \hbox (0.91083pt too wide) in paragraph at lines 415--415
\T1/ptm/m/n/12 (-20) min
 []


Overfull \hbox (2.00044pt too wide) in paragraph at lines 415--415
\T1/ptm/m/n/12 (-20) user
 []


Underfull \hbox (badness 10000) in paragraph at lines 415--415
\T1/ptm/m/n/12 (+20) ex-
 []


Overfull \hbox (2.21603pt too wide) in paragraph at lines 415--415
[]|\T1/ptm/m/n/12 (-20) Call
 []


Overfull \hbox (0.82431pt too wide) in paragraph at lines 415--415
\T1/cmtt/m/n/12 PUT
 []


Overfull \hbox (71.51079pt too wide) in paragraph at lines 415--415
\T1/cmtt/m/n/12 /users/{admin_-
 []


Underfull \hbox (badness 10000) in paragraph at lines 415--415
\T1/cmtt/m/n/12 id}
 []


Overfull \hbox (3.08951pt too wide) in paragraph at lines 415--415
\T1/ptm/m/n/12 (-20) with
 []


Underfull \hbox (badness 10000) in paragraph at lines 415--415
\T1/ptm/m/n/12 (+20) up-
 []


Overfull \hbox (2.20442pt too wide) in paragraph at lines 415--415
\T1/ptm/m/n/12 (-20) date
 []


Overfull \hbox (2.20442pt too wide) in paragraph at lines 415--415
\T1/ptm/m/n/12 (-20) data| 
 []


Overfull \hbox (8.90764pt too wide) in paragraph at lines 415--415
[]|\T1/cmtt/m/n/12 name\T1/ptm/m/n/12 (-20) :
 []


Overfull \hbox (1.0944pt too wide) in paragraph at lines 415--415
\T1/ptm/m/n/12 (-20) "At-
 []


Overfull \hbox (20.50275pt too wide) in paragraph at lines 415--415
\T1/ptm/m/n/12 (-20) tempted
 []


Underfull \hbox (badness 10000) in paragraph at lines 415--415
\T1/ptm/m/n/12 (+20) Up-
 []


Overfull \hbox (7.00246pt too wide) in paragraph at lines 415--415
\T1/ptm/m/n/12 (-20) date"| 
 []


Overfull \hbox (19.19743pt too wide) in paragraph at lines 415--415
[]|\T1/ptm/m/n/12 (-20) Returns
 []


Overfull \hbox (0.82431pt too wide) in paragraph at lines 415--415
\T1/cmtt/m/n/12 403
 []


Overfull \hbox (38.17393pt too wide) in paragraph at lines 415--415
\T1/cmtt/m/n/12 Forbidden
 []


Overfull \hbox (3.08951pt too wide) in paragraph at lines 415--415
\T1/ptm/m/n/12 (-20) with
 []


Overfull \hbox (1.57266pt too wide) in paragraph at lines 415--415
\T1/ptm/m/n/12 (-20) ``Ad-
 []


Overfull \hbox (5.48535pt too wide) in paragraph at lines 415--415
\T1/ptm/m/n/12 (-20) mins
 []


Overfull \hbox (0.85928pt too wide) in paragraph at lines 415--415
\T1/ptm/m/n/12 (-20) can-
 []


Underfull \hbox (badness 10000) in paragraph at lines 415--415
\T1/ptm/m/n/12 (+20) not
 []


Overfull \hbox (6.57509pt too wide) in paragraph at lines 415--415
\T1/ptm/m/n/12 (-20) other
 []


Underfull \hbox (badness 10000) in paragraph at lines 415--415
\T1/ptm/m/n/12 (+20) ad-
 []


Overfull \hbox (0.91083pt too wide) in paragraph at lines 415--415
\T1/ptm/m/n/12 (-20) min
 []


Overfull \hbox (12.00034pt too wide) in paragraph at lines 415--415
\T1/ptm/m/n/12 (-20) users''| 
 []


Overfull \hbox (15.28151pt too wide) in paragraph at lines 415--415
[]|\T1/ptm/m/n/12 (-20) Admin
 []


Overfull \hbox (2.00044pt too wide) in paragraph at lines 415--415
\T1/ptm/m/n/12 (-20) user
 []


Underfull \hbox (badness 10000) in paragraph at lines 415--415
\T1/ptm/m/n/12 (+20) re-
 []


Overfull \hbox (10.70673pt too wide) in paragraph at lines 415--415
\T1/ptm/m/n/12 (-20) mains
 []


Underfull \hbox (badness 10000) in paragraph at lines 415--415
\T1/ptm/m/n/12 (+20) un-
 []


Overfull \hbox (21.79665pt too wide) in paragraph at lines 415--415
\T1/ptm/m/n/12 (-20) changed| 
 []


Underfull \hbox (badness 10000) in paragraph at lines 415--415
[]|\T1/ptm/m/n/12 (+20) As
 []


Underfull \hbox (badness 10000) in paragraph at lines 415--415
\T1/ptm/m/n/12 (+20) Ex-
 []


Overfull \hbox (13.3058pt too wide) in paragraph at lines 415--415
\T1/ptm/m/n/12 (-20) pected| 
 []


Overfull \hbox (3.34152pt too wide) in paragraph at lines 415--415
[]|\T1/ptm/m/n/12 (-20) Pass| 
 []


Overfull \hbox (11.55379pt too wide) in paragraph at lines 415--415
[]|\T1/ptm/m/n/12 (-20) Verify
 []


Underfull \hbox (badness 10000) in paragraph at lines 415--415
\T1/ptm/m/n/12 (+20) ad-
 []


Overfull \hbox (0.91083pt too wide) in paragraph at lines 415--415
\T1/ptm/m/n/12 (-20) min
 []


Underfull \hbox (badness 10000) in paragraph at lines 415--415
\T1/ptm/m/n/12 (+20) can
 []


Overfull \hbox (10.69496pt too wide) in paragraph at lines 415--415
\T1/ptm/m/n/12 (-20) delete
 []


Underfull \hbox (badness 10000) in paragraph at lines 415--415
\T1/ptm/m/n/12 (+20) a
 []


Overfull \hbox (2.17654pt too wide) in paragraph at lines 415--415
\T1/ptm/m/n/12 (-20) non-
 []


Overfull \hbox (12.0122pt too wide) in paragraph at lines 415--415
\T1/ptm/m/n/12 (-20) admin
 []


Overfull \hbox (2.20444pt too wide) in paragraph at lines 415--415
\T1/ptm/m/n/12 (-20) user| 
 []


Overfull \hbox (7.41089pt too wide) in paragraph at lines 415--415
[]|\T1/ptm/m/n/12 (-20) Valid
 []


Underfull \hbox (badness 10000) in paragraph at lines 415--415
\T1/ptm/m/n/12 (+20) ad-
 []


Overfull \hbox (0.91083pt too wide) in paragraph at lines 415--415
\T1/ptm/m/n/12 (-20) min
 []


Overfull \hbox (6.859pt too wide) in paragraph at lines 415--415
\T1/ptm/m/n/12 (-20) JWT;
 []


Underfull \hbox (badness 10000) in paragraph at lines 415--415
\T1/ptm/m/n/12 (+20) ex-
 []


Underfull \hbox (badness 10000) in paragraph at lines 415--415
\T1/ptm/m/n/12 (+20) ist-
 []


Underfull \hbox (badness 10000) in paragraph at lines 415--415
\T1/ptm/m/n/12 (+20) ing
 []


Underfull \hbox (badness 10000) in paragraph at lines 415--415
\T1/ptm/m/n/12 (+20) stu-
 []


Overfull \hbox (2.86305pt too wide) in paragraph at lines 415--415
\T1/ptm/m/n/12 (-20) dent
 []


Overfull \hbox (2.20444pt too wide) in paragraph at lines 415--415
\T1/ptm/m/n/12 (-20) user| 
 []


Overfull \hbox (2.21603pt too wide) in paragraph at lines 415--415
[]|\T1/ptm/m/n/12 (-20) Call
 []


Overfull \hbox (19.65346pt too wide) in paragraph at lines 415--415
\T1/cmtt/m/n/12 DELETE
 []


Overfull \hbox (65.3373pt too wide) in paragraph at lines 415--415
\T1/cmtt/m/n/12 /users/{user_-
 []


Overfull \hbox (1.13298pt too wide) in paragraph at lines 415--415
\T1/cmtt/m/n/12 id}| 
 []


Overfull \hbox (7.41089pt too wide) in paragraph at lines 415--415
[]|\T1/ptm/m/n/12 (-20) Valid
 []


Underfull \hbox (badness 10000) in paragraph at lines 415--415
\T1/ptm/m/n/12 (+20) stu-
 []


Overfull \hbox (2.86305pt too wide) in paragraph at lines 415--415
\T1/ptm/m/n/12 (-20) dent
 []


Overfull \hbox (16.56671pt too wide) in paragraph at lines 415--415
\T1/cmtt/m/n/12 user_-
 []


Overfull \hbox (19.19743pt too wide) in paragraph at lines 415--415
[]|\T1/ptm/m/n/12 (-20) Returns
 []


Overfull \hbox (0.82431pt too wide) in paragraph at lines 415--415
\T1/cmtt/m/n/12 204
 []


Underfull \hbox (badness 10000) in paragraph at lines 415--415
\T1/cmtt/m/n/12 No
 []


Overfull \hbox (25.82695pt too wide) in paragraph at lines 415--415
\T1/cmtt/m/n/12 Content| 
 []


Overfull \hbox (4.61111pt too wide) in paragraph at lines 415--415
[]|\T1/ptm/m/n/12 (-20) User
 []


Overfull \hbox (12.64732pt too wide) in paragraph at lines 415--415
\T1/ptm/m/n/12 (-20) record
 []


Underfull \hbox (badness 10000) in paragraph at lines 415--415
\T1/ptm/m/n/12 (+20) is
 []


Underfull \hbox (badness 10000) in paragraph at lines 415--415
\T1/ptm/m/n/12 (+20) re-
 []


Overfull \hbox (14.26328pt too wide) in paragraph at lines 415--415
\T1/ptm/m/n/12 (-20) moved
 []


Overfull \hbox (5.47372pt too wide) in paragraph at lines 415--415
\T1/ptm/m/n/12 (-20) from
 []


Overfull \hbox (23.1017pt too wide) in paragraph at lines 415--415
\T1/ptm/m/n/12 (-20) database| 
 []


Underfull \hbox (badness 10000) in paragraph at lines 415--415
[]|\T1/ptm/m/n/12 (+20) As
 []


Underfull \hbox (badness 10000) in paragraph at lines 415--415
\T1/ptm/m/n/12 (+20) Ex-
 []


Overfull \hbox (13.3058pt too wide) in paragraph at lines 415--415
\T1/ptm/m/n/12 (-20) pected| 
 []


Overfull \hbox (3.34152pt too wide) in paragraph at lines 415--415
[]|\T1/ptm/m/n/12 (-20) Pass| 
 []


Overfull \hbox (18.05905pt too wide) in paragraph at lines 415--415
[]|\T1/ptm/m/n/12 (-20) Prevent
 []


Overfull \hbox (4.12845pt too wide) in paragraph at lines 415--415
\T1/ptm/m/n/12 (-20) dele-
 []


Overfull \hbox (0.91084pt too wide) in paragraph at lines 415--415
\T1/ptm/m/n/12 (-20) tion
 []


Underfull \hbox (badness 10000) in paragraph at lines 415--415
\T1/ptm/m/n/12 (+20) of
 []


Underfull \hbox (badness 10000) in paragraph at lines 415--415
\T1/ptm/m/n/12 (+20) ad-
 []


Overfull \hbox (0.91083pt too wide) in paragraph at lines 415--415
\T1/ptm/m/n/12 (-20) min
 []


Overfull \hbox (6.77896pt too wide) in paragraph at lines 415--415
\T1/ptm/m/n/12 (-20) users| 
 []


Overfull \hbox (7.41089pt too wide) in paragraph at lines 415--415
[]|\T1/ptm/m/n/12 (-20) Valid
 []


Underfull \hbox (badness 10000) in paragraph at lines 415--415
\T1/ptm/m/n/12 (+20) ad-
 []


Overfull \hbox (0.91083pt too wide) in paragraph at lines 415--415
\T1/ptm/m/n/12 (-20) min
 []


Overfull \hbox (6.859pt too wide) in paragraph at lines 415--415
\T1/ptm/m/n/12 (-20) JWT;
 []


Underfull \hbox (badness 10000) in paragraph at lines 415--415
\T1/ptm/m/n/12 (+20) ad-
 []


Overfull \hbox (0.91083pt too wide) in paragraph at lines 415--415
\T1/ptm/m/n/12 (-20) min
 []


Overfull \hbox (2.00044pt too wide) in paragraph at lines 415--415
\T1/ptm/m/n/12 (-20) user
 []


Underfull \hbox (badness 10000) in paragraph at lines 415--415
\T1/ptm/m/n/12 (+20) ex-
 []


Overfull \hbox (2.21603pt too wide) in paragraph at lines 415--415
[]|\T1/ptm/m/n/12 (-20) Call
 []


Overfull \hbox (19.65346pt too wide) in paragraph at lines 415--415
\T1/cmtt/m/n/12 DELETE
 []


Overfull \hbox (71.51079pt too wide) in paragraph at lines 415--415
\T1/cmtt/m/n/12 /users/{admin_-
 []


Overfull \hbox (1.13298pt too wide) in paragraph at lines 415--415
\T1/cmtt/m/n/12 id}| 
 []


Overfull \hbox (7.41089pt too wide) in paragraph at lines 415--415
[]|\T1/ptm/m/n/12 (-20) Valid
 []


Underfull \hbox (badness 10000) in paragraph at lines 415--415
\T1/ptm/m/n/12 (+20) ad-
 []


Overfull \hbox (0.91083pt too wide) in paragraph at lines 415--415
\T1/ptm/m/n/12 (-20) min
 []


Overfull \hbox (16.56671pt too wide) in paragraph at lines 415--415
\T1/cmtt/m/n/12 user_-
 []


Overfull \hbox (19.19743pt too wide) in paragraph at lines 415--415
[]|\T1/ptm/m/n/12 (-20) Returns
 []


Overfull \hbox (0.82431pt too wide) in paragraph at lines 415--415
\T1/cmtt/m/n/12 403
 []


Overfull \hbox (38.17393pt too wide) in paragraph at lines 415--415
\T1/cmtt/m/n/12 Forbidden
 []


Underfull \hbox (badness 10000) in paragraph at lines 415--415
\T1/ptm/m/n/12 (+20) or
 []


Overfull \hbox (0.82431pt too wide) in paragraph at lines 415--415
\T1/cmtt/m/n/12 400
 []


Overfull \hbox (1.13298pt too wide) in paragraph at lines 415--415
\T1/cmtt/m/n/12 Bad
 []


Overfull \hbox (25.82695pt too wide) in paragraph at lines 415--415
\T1/cmtt/m/n/12 Request
 []


Overfull \hbox (3.08951pt too wide) in paragraph at lines 415--415
\T1/ptm/m/n/12 (-20) with
 []


Underfull \hbox (badness 10000) in paragraph at lines 415--415
\T1/ptm/m/n/12 (+20) ap-
 []


Underfull \hbox (badness 10000) in paragraph at lines 415--415
\T1/ptm/m/n/12 (+20) pri-
 []


Underfull \hbox (badness 10000) in paragraph at lines 415--415
\T1/ptm/m/n/12 (+20) ate
 []


Underfull \hbox (badness 10000) in paragraph at lines 415--415
\T1/ptm/m/n/12 (+20) er-
 []


Underfull \hbox (badness 10000) in paragraph at lines 415--415
\T1/ptm/m/n/12 (+20) ror
 []


Overfull \hbox (3.48158pt too wide) in paragraph at lines 415--415
\T1/ptm/m/n/12 (-20) mes-
 []


Overfull \hbox (3.50978pt too wide) in paragraph at lines 415--415
\T1/ptm/m/n/12 (-20) sage| 
 []


Overfull \hbox (15.28151pt too wide) in paragraph at lines 415--415
[]|\T1/ptm/m/n/12 (-20) Admin
 []


Overfull \hbox (2.00044pt too wide) in paragraph at lines 415--415
\T1/ptm/m/n/12 (-20) user
 []


Underfull \hbox (badness 10000) in paragraph at lines 415--415
\T1/ptm/m/n/12 (+20) re-
 []


Overfull \hbox (10.70673pt too wide) in paragraph at lines 415--415
\T1/ptm/m/n/12 (-20) mains
 []


Underfull \hbox (badness 10000) in paragraph at lines 415--415
\T1/ptm/m/n/12 (+20) in
 []


Overfull \hbox (23.1017pt too wide) in paragraph at lines 415--415
\T1/ptm/m/n/12 (-20) database| 
 []


Underfull \hbox (badness 10000) in paragraph at lines 415--415
[]|\T1/ptm/m/n/12 (+20) As
 []


Underfull \hbox (badness 10000) in paragraph at lines 415--415
\T1/ptm/m/n/12 (+20) Ex-
 []


Overfull \hbox (13.3058pt too wide) in paragraph at lines 415--415
\T1/ptm/m/n/12 (-20) pected| 
 []


Overfull \hbox (3.34152pt too wide) in paragraph at lines 415--415
[]|\T1/ptm/m/n/12 (-20) Pass| 
 []


Underfull \vbox (badness 10000) has occurred while \output is active []



[57]
Overfull \vbox (2732.62354pt too high) has occurred while \output is active []



[58]
Overfull \hbox (32.12917pt too wide) in paragraph at lines 446--446
[]|\T1/ptm/b/n/12 (-20) Objective| 
 []


Overfull \hbox (53.07402pt too wide) in paragraph at lines 446--446
[]|\T1/ptm/b/n/12 (-20) Preconditions| 
 []


Overfull \hbox (10.82503pt too wide) in paragraph at lines 446--446
[]|\T1/ptm/b/n/12 (-20) Steps| 
 []


Overfull \hbox (4.48798pt too wide) in paragraph at lines 446--446
[]|\T1/ptm/b/n/12 (-20) Test
 []


Overfull \hbox (8.20285pt too wide) in paragraph at lines 446--446
\T1/ptm/b/n/12 (-20) Data| 
 []


Overfull \hbox (30.41708pt too wide) in paragraph at lines 446--446
[]|\T1/ptm/b/n/12 (-20) Expected
 []


Underfull \hbox (badness 10000) in paragraph at lines 446--446
\T1/ptm/b/n/12 (-2) Re-
 []


Overfull \hbox (2.33434pt too wide) in paragraph at lines 446--446
\T1/ptm/b/n/12 (-20) sult| 
 []


Overfull \hbox (56.97781pt too wide) in paragraph at lines 446--446
[]|\T1/ptm/b/n/12 (-20) Postconditions| 
 []


Overfull \hbox (17.35187pt too wide) in paragraph at lines 446--446
[]|\T1/ptm/b/n/12 (-20) Actual
 []


Underfull \hbox (badness 10000) in paragraph at lines 446--446
\T1/ptm/b/n/12 (-2) Re-
 []


Overfull \hbox (2.33434pt too wide) in paragraph at lines 446--446
\T1/ptm/b/n/12 (-20) sult| 
 []


Overfull \hbox (28.7034pt too wide) in paragraph at lines 446--446
[]|\T1/ptm/b/n/12 (-20) Pass/Fail| 
 []


Overfull \hbox (18.65736pt too wide) in paragraph at lines 446--446
[]|\T1/ptm/m/n/12 (-20) Upload
 []


Overfull \hbox (6.95584pt too wide) in paragraph at lines 446--446
\T1/ptm/m/n/12 (-20) valid
 []


Overfull \hbox (4.2466pt too wide) in paragraph at lines 446--446
\T1/ptm/m/n/12 (-20) seat-
 []


Underfull \hbox (badness 10000) in paragraph at lines 446--446
\T1/ptm/m/n/12 (+20) ing
 []


Overfull \hbox (4.28668pt too wide) in paragraph at lines 446--446
\T1/ptm/m/n/12 (-20) plan
 []


Overfull \hbox (5.26778pt too wide) in paragraph at lines 446--446
\T1/ptm/m/n/12 (-20) PDF
 []


Overfull \hbox (4.51314pt too wide) in paragraph at lines 446--446
\T1/ptm/m/n/12 (-20) with
 []


Overfull \hbox (8.86133pt too wide) in paragraph at lines 446--446
\T1/ptm/m/n/12 (-20) room
 []


Underfull \hbox (badness 10000) in paragraph at lines 446--446
\T1/ptm/m/n/12 (+20) fil-
 []


Overfull \hbox (8.83452pt too wide) in paragraph at lines 446--446
[]|\T1/ptm/m/n/12 (-20) Valid
 []


Overfull \hbox (5.26778pt too wide) in paragraph at lines 446--446
\T1/ptm/m/n/12 (-20) PDF
 []


Overfull \hbox (1.33832pt too wide) in paragraph at lines 446--446
\T1/ptm/m/n/12 (-20) file;
 []


Underfull \hbox (badness 10000) in paragraph at lines 446--446
\T1/ptm/m/n/12 (+20) ad-
 []


Overfull \hbox (2.33446pt too wide) in paragraph at lines 446--446
\T1/ptm/m/n/12 (-20) min
 []


Overfull \hbox (8.28262pt too wide) in paragraph at lines 446--446
\T1/ptm/m/n/12 (-20) JWT;
 []


Overfull \hbox (24.52533pt too wide) in paragraph at lines 446--446
\T1/ptm/m/n/12 (-20) database
 []


Underfull \hbox (badness 10000) in paragraph at lines 446--446
\T1/ptm/m/n/12 (+20) ac-
 []


Overfull \hbox (0.97743pt too wide) in paragraph at lines 446--446
\T1/ptm/m/n/12 (-20) ces-
 []


Underfull \hbox (badness 10000) in paragraph at lines 446--446
\T1/ptm/m/n/12 (+20) si-
 []


Overfull \hbox (3.63966pt too wide) in paragraph at lines 446--446
[]|\T1/ptm/m/n/12 (-20) Call
 []


Overfull \hbox (8.42143pt too wide) in paragraph at lines 446--446
\T1/cmtt/m/n/12 POST
 []


Overfull \hbox (106.88863pt too wide) in paragraph at lines 446--446
\T1/cmtt/m/n/12 /upload-seating-plan
 []


Overfull \hbox (4.51314pt too wide) in paragraph at lines 446--446
\T1/ptm/m/n/12 (-20) with
 []


Overfull \hbox (5.26778pt too wide) in paragraph at lines 446--446
\T1/ptm/m/n/12 (-20) PDF
 []


Underfull \hbox (badness 10000) in paragraph at lines 446--446
\T1/ptm/m/n/12 (+20) file
 []


Overfull \hbox (1.01752pt too wide) in paragraph at lines 446--446
\T1/ptm/m/n/12 (-20) and
 []


Overfull \hbox (8.86133pt too wide) in paragraph at lines 446--446
\T1/ptm/m/n/12 (-20) room
 []


Underfull \hbox (badness 10000) in paragraph at lines 446--446
\T1/ptm/m/n/12 (+20) pa-
 []


Overfull \hbox (4.24672pt too wide) in paragraph at lines 446--446
\T1/ptm/m/n/12 (-20) ram-
 []


Underfull \hbox (badness 10000) in paragraph at lines 446--446
\T1/ptm/m/n/12 (+20) e-
 []


Overfull \hbox (10.33127pt too wide) in paragraph at lines 446--446
[]|\T1/cmtt/m/n/12 file\T1/ptm/m/n/12 (-20) :
 []


Overfull \hbox (4.2466pt too wide) in paragraph at lines 446--446
\T1/ptm/m/n/12 (-20) seat-
 []


Overfull \hbox (6.86934pt too wide) in paragraph at lines 446--446
\T1/ptm/m/n/12 (-20) ing_-
 []


Overfull \hbox (22.90273pt too wide) in paragraph at lines 446--446
\T1/ptm/m/n/12 (-20) plan.pdf| 
 []


Overfull \hbox (20.62106pt too wide) in paragraph at lines 446--446
[]|\T1/ptm/m/n/12 (-20) Returns
 []


Overfull \hbox (2.55661pt too wide) in paragraph at lines 446--446
\T1/cmtt/m/n/12 200
 []


Underfull \hbox (badness 10000) in paragraph at lines 446--446
\T1/cmtt/m/n/12 OK
 []


Overfull \hbox (4.51314pt too wide) in paragraph at lines 446--446
\T1/ptm/m/n/12 (-20) with
 []


Underfull \hbox (badness 10000) in paragraph at lines 446--446
\T1/ptm/m/n/12 (+20) ex-
 []


Overfull \hbox (16.03462pt too wide) in paragraph at lines 446--446
\T1/ptm/m/n/12 (-20) tracted
 []


Overfull \hbox (3.62805pt too wide) in paragraph at lines 446--446
\T1/ptm/m/n/12 (-20) data
 []


Underfull \hbox (badness 10000) in paragraph at lines 446--446
\T1/ptm/m/n/12 (+20) in-
 []


Overfull \hbox (6.21071pt too wide) in paragraph at lines 446--446
\T1/ptm/m/n/12 (-20) clud-
 []


Underfull \hbox (badness 10000) in paragraph at lines 446--446
\T1/ptm/m/n/12 (+20) ing
 []


Overfull \hbox (8.86133pt too wide) in paragraph at lines 446--446
\T1/ptm/m/n/12 (-20) room
 []


Overfull \hbox (6.86932pt too wide) in paragraph at lines 446--446
\T1/ptm/m/n/12 (-20) num-
 []


Overfull \hbox (9.32816pt too wide) in paragraph at lines 446--446
\T1/ptm/m/n/12 (-20) exam
 []


Overfull \hbox (5.06805pt too wide) in paragraph at lines 446--446
\T1/ptm/m/n/12 (-20) date,
 []


Overfull \hbox (4.94499pt too wide) in paragraph at lines 446--446
\T1/ptm/m/n/12 (-20) time
 []


Overfull \hbox (2.469pt too wide) in paragraph at lines 446--446
\T1/ptm/m/n/12 (-20) slot,
 []


Overfull \hbox (1.01752pt too wide) in paragraph at lines 446--446
\T1/ptm/m/n/12 (-20) and
 []


Underfull \hbox (badness 10000) in paragraph at lines 446--446
\T1/ptm/m/n/12 (+20) list
 []


Underfull \hbox (badness 10000) in paragraph at lines 446--446
\T1/ptm/m/n/12 (+20) of
 []


Overfull \hbox (8.8612pt too wide) in paragraph at lines 446--446
\T1/ptm/m/n/12 (-20) dents
 []


Overfull \hbox (4.51314pt too wide) in paragraph at lines 446--446
\T1/ptm/m/n/12 (-20) with
 []


Overfull \hbox (2.32257pt too wide) in paragraph at lines 446--446
\T1/ptm/m/n/12 (-20) seat
 []


Overfull \hbox (6.86932pt too wide) in paragraph at lines 446--446
\T1/ptm/m/n/12 (-20) num-
 []


Overfull \hbox (3.62807pt too wide) in paragraph at lines 446--446
\T1/ptm/m/n/12 (-20) bers| 
 []


Overfull \hbox (14.22913pt too wide) in paragraph at lines 446--446
[]|\T1/ptm/m/n/12 (-20) Room,
 []


Overfull \hbox (12.91202pt too wide) in paragraph at lines 446--446
\T1/ptm/m/n/12 (-20) Exam,
 []


Overfull \hbox (1.64781pt too wide) in paragraph at lines 446--446
\T1/ptm/m/n/12 (-20) Stu-
 []


Overfull \hbox (5.72668pt too wide) in paragraph at lines 446--446
\T1/ptm/m/n/12 (-20) dent,
 []


Overfull \hbox (1.01752pt too wide) in paragraph at lines 446--446
\T1/ptm/m/n/12 (-20) and
 []


Overfull \hbox (4.28653pt too wide) in paragraph at lines 446--446
\T1/ptm/m/n/12 (-20) Seat
 []


Overfull \hbox (18.64548pt too wide) in paragraph at lines 446--446
\T1/ptm/m/n/12 (-20) records
 []


Underfull \hbox (badness 10000) in paragraph at lines 446--446
\T1/ptm/m/n/12 (+20) at-
 []


Overfull \hbox (12.09071pt too wide) in paragraph at lines 446--446
\T1/ptm/m/n/12 (-20) ed/up-
 []


Overfull \hbox (9.50806pt too wide) in paragraph at lines 446--446
\T1/ptm/m/n/12 (-20) dated
 []


Underfull \hbox (badness 10000) in paragraph at lines 446--446
\T1/ptm/m/n/12 (+20) in
 []


Overfull \hbox (24.52533pt too wide) in paragraph at lines 446--446
\T1/ptm/m/n/12 (-20) database| 
 []


Underfull \hbox (badness 10000) in paragraph at lines 446--446
[]|\T1/ptm/m/n/12 (+20) As
 []


Underfull \hbox (badness 10000) in paragraph at lines 446--446
\T1/ptm/m/n/12 (+20) Ex-
 []


Overfull \hbox (14.72943pt too wide) in paragraph at lines 446--446
\T1/ptm/m/n/12 (-20) pected| 
 []


Overfull \hbox (4.76515pt too wide) in paragraph at lines 446--446
[]|\T1/ptm/m/n/12 (-20) Pass| 
 []


Overfull \hbox (18.65736pt too wide) in paragraph at lines 446--446
[]|\T1/ptm/m/n/12 (-20) Upload
 []


Overfull \hbox (4.2466pt too wide) in paragraph at lines 446--446
\T1/ptm/m/n/12 (-20) seat-
 []


Underfull \hbox (badness 10000) in paragraph at lines 446--446
\T1/ptm/m/n/12 (+20) ing
 []


Overfull \hbox (4.28668pt too wide) in paragraph at lines 446--446
\T1/ptm/m/n/12 (-20) plan
 []


Overfull \hbox (4.51314pt too wide) in paragraph at lines 446--446
\T1/ptm/m/n/12 (-20) with
 []


Overfull \hbox (4.94499pt too wide) in paragraph at lines 446--446
\T1/ptm/m/n/12 (-20) time
 []


Overfull \hbox (1.02899pt too wide) in paragraph at lines 446--446
\T1/ptm/m/n/12 (-20) slot
 []


Underfull \hbox (badness 10000) in paragraph at lines 446--446
\T1/ptm/m/n/12 (+20) fil-
 []


Overfull \hbox (8.83452pt too wide) in paragraph at lines 446--446
[]|\T1/ptm/m/n/12 (-20) Valid
 []


Overfull \hbox (5.26778pt too wide) in paragraph at lines 446--446
\T1/ptm/m/n/12 (-20) PDF
 []


Overfull \hbox (1.33832pt too wide) in paragraph at lines 446--446
\T1/ptm/m/n/12 (-20) file;
 []


Underfull \hbox (badness 10000) in paragraph at lines 446--446
\T1/ptm/m/n/12 (+20) ad-
 []


Overfull \hbox (2.33446pt too wide) in paragraph at lines 446--446
\T1/ptm/m/n/12 (-20) min
 []


Overfull \hbox (6.66937pt too wide) in paragraph at lines 446--446
\T1/ptm/m/n/12 (-20) JWT| 
 []


Overfull \hbox (3.63966pt too wide) in paragraph at lines 446--446
[]|\T1/ptm/m/n/12 (-20) Call
 []


Overfull \hbox (8.42143pt too wide) in paragraph at lines 446--446
\T1/cmtt/m/n/12 POST
 []


Overfull \hbox (106.88863pt too wide) in paragraph at lines 446--446
\T1/cmtt/m/n/12 /upload-seating-plan
 []


Overfull \hbox (4.51314pt too wide) in paragraph at lines 446--446
\T1/ptm/m/n/12 (-20) with
 []


Overfull \hbox (5.26778pt too wide) in paragraph at lines 446--446
\T1/ptm/m/n/12 (-20) PDF
 []


Overfull \hbox (1.01752pt too wide) in paragraph at lines 446--446
\T1/ptm/m/n/12 (-20) and
 []


Overfull \hbox (4.94499pt too wide) in paragraph at lines 446--446
\T1/ptm/m/n/12 (-20) time
 []


Overfull \hbox (1.02899pt too wide) in paragraph at lines 446--446
\T1/ptm/m/n/12 (-20) slot
 []


Underfull \hbox (badness 10000) in paragraph at lines 446--446
\T1/ptm/m/n/12 (+20) pa-
 []


Overfull \hbox (4.24672pt too wide) in paragraph at lines 446--446
\T1/ptm/m/n/12 (-20) ram-
 []


Underfull \hbox (badness 10000) in paragraph at lines 446--446
\T1/ptm/m/n/12 (+20) e-
 []


Overfull \hbox (10.33127pt too wide) in paragraph at lines 446--446
[]|\T1/cmtt/m/n/12 file\T1/ptm/m/n/12 (-20) :
 []


Overfull \hbox (4.2466pt too wide) in paragraph at lines 446--446
\T1/ptm/m/n/12 (-20) seat-
 []


Overfull \hbox (6.86934pt too wide) in paragraph at lines 446--446
\T1/ptm/m/n/12 (-20) ing_-
 []


Overfull \hbox (22.90273pt too wide) in paragraph at lines 446--446
\T1/ptm/m/n/12 (-20) plan.pdf| 
 []


Overfull \hbox (20.62106pt too wide) in paragraph at lines 446--446
[]|\T1/ptm/m/n/12 (-20) Returns
 []


Overfull \hbox (2.55661pt too wide) in paragraph at lines 446--446
\T1/cmtt/m/n/12 200
 []


Underfull \hbox (badness 10000) in paragraph at lines 446--446
\T1/cmtt/m/n/12 OK
 []


Overfull \hbox (4.51314pt too wide) in paragraph at lines 446--446
\T1/ptm/m/n/12 (-20) with
 []


Overfull \hbox (3.62805pt too wide) in paragraph at lines 446--446
\T1/ptm/m/n/12 (-20) data
 []


Underfull \hbox (badness 10000) in paragraph at lines 446--446
\T1/ptm/m/n/12 (+20) for
 []


Underfull \hbox (badness 10000) in paragraph at lines 446--446
\T1/ptm/m/n/12 (+20) ex-
 []


Overfull \hbox (2.98119pt too wide) in paragraph at lines 446--446
\T1/ptm/m/n/12 (-20) ams
 []


Overfull \hbox (14.70123pt too wide) in paragraph at lines 446--446
\T1/ptm/m/n/12 (-20) match-
 []


Underfull \hbox (badness 10000) in paragraph at lines 446--446
\T1/ptm/m/n/12 (+20) ing
 []


Underfull \hbox (badness 10000) in paragraph at lines 446--446
\T1/ptm/m/n/12 (+20) the
 []


Overfull \hbox (6.85744pt too wide) in paragraph at lines 446--446
\T1/ptm/m/n/12 (-20) spec-
 []


Underfull \hbox (badness 10000) in paragraph at lines 446--446
\T1/ptm/m/n/12 (+20) i-
 []


Overfull \hbox (1.676pt too wide) in paragraph at lines 446--446
\T1/ptm/m/n/12 (-20) fied
 []


Overfull \hbox (4.94499pt too wide) in paragraph at lines 446--446
\T1/ptm/m/n/12 (-20) time
 []


Overfull \hbox (1.02899pt too wide) in paragraph at lines 446--446
\T1/ptm/m/n/12 (-20) slot| 
 []


Overfull \hbox (7.13599pt too wide) in paragraph at lines 446--446
[]|\T1/ptm/m/n/12 (-20) Only
 []


Overfull \hbox (14.70123pt too wide) in paragraph at lines 446--446
\T1/ptm/m/n/12 (-20) match-
 []


Underfull \hbox (badness 10000) in paragraph at lines 446--446
\T1/ptm/m/n/12 (+20) ing
 []


Overfull \hbox (9.32816pt too wide) in paragraph at lines 446--446
\T1/ptm/m/n/12 (-20) exam
 []


Overfull \hbox (3.62805pt too wide) in paragraph at lines 446--446
\T1/ptm/m/n/12 (-20) data
 []


Underfull \hbox (badness 10000) in paragraph at lines 446--446
\T1/ptm/m/n/12 (+20) is
 []


Underfull \hbox (badness 10000) in paragraph at lines 446--446
\T1/ptm/m/n/12 (+20) ex-
 []


Overfull \hbox (16.03462pt too wide) in paragraph at lines 446--446
\T1/ptm/m/n/12 (-20) tracted
 []


Overfull \hbox (1.01752pt too wide) in paragraph at lines 446--446
\T1/ptm/m/n/12 (-20) and
 []


Overfull \hbox (12.77724pt too wide) in paragraph at lines 446--446
\T1/ptm/m/n/12 (-20) stored| 
 []


Underfull \hbox (badness 10000) in paragraph at lines 446--446
[]|\T1/ptm/m/n/12 (+20) As
 []


Underfull \hbox (badness 10000) in paragraph at lines 446--446
\T1/ptm/m/n/12 (+20) Ex-
 []


Overfull \hbox (14.72943pt too wide) in paragraph at lines 446--446
\T1/ptm/m/n/12 (-20) pected| 
 []


Overfull \hbox (4.76515pt too wide) in paragraph at lines 446--446
[]|\T1/ptm/m/n/12 (-20) Pass| 
 []


Overfull \hbox (17.99873pt too wide) in paragraph at lines 446--446
[]|\T1/ptm/m/n/12 (-20) Handle
 []


Underfull \hbox (badness 10000) in paragraph at lines 446--446
\T1/ptm/m/n/12 (+20) in-
 []


Overfull \hbox (6.95584pt too wide) in paragraph at lines 446--446
\T1/ptm/m/n/12 (-20) valid
 []


Overfull \hbox (5.26778pt too wide) in paragraph at lines 446--446
\T1/ptm/m/n/12 (-20) PDF
 []


Underfull \hbox (badness 10000) in paragraph at lines 446--446
\T1/ptm/m/n/12 (+20) file
 []


Overfull \hbox (1.67583pt too wide) in paragraph at lines 446--446
\T1/ptm/m/n/12 (-20) mat| 
 []


Overfull \hbox (16.70514pt too wide) in paragraph at lines 446--446
[]|\T1/ptm/m/n/12 (-20) Admin
 []


Overfull \hbox (6.66937pt too wide) in paragraph at lines 446--446
\T1/ptm/m/n/12 (-20) JWT| 
 []


Overfull \hbox (3.63966pt too wide) in paragraph at lines 446--446
[]|\T1/ptm/m/n/12 (-20) Call
 []


Overfull \hbox (8.42143pt too wide) in paragraph at lines 446--446
\T1/cmtt/m/n/12 POST
 []


Overfull \hbox (106.88863pt too wide) in paragraph at lines 446--446
\T1/cmtt/m/n/12 /upload-seating-plan
 []


Overfull \hbox (4.51314pt too wide) in paragraph at lines 446--446
\T1/ptm/m/n/12 (-20) with
 []


Overfull \hbox (3.60017pt too wide) in paragraph at lines 446--446
\T1/ptm/m/n/12 (-20) non-
 []


Overfull \hbox (5.26778pt too wide) in paragraph at lines 446--446
\T1/ptm/m/n/12 (-20) PDF
 []


Overfull \hbox (10.33127pt too wide) in paragraph at lines 446--446
[]|\T1/cmtt/m/n/12 file\T1/ptm/m/n/12 (-20) :
 []


Overfull \hbox (2.94154pt too wide) in paragraph at lines 446--446
\T1/ptm/m/n/12 (-20) doc-
 []


Underfull \hbox (badness 10000) in paragraph at lines 446--446
\T1/ptm/m/n/12 (+20) u-
 []


Overfull \hbox (22.91417pt too wide) in paragraph at lines 446--446
\T1/ptm/m/n/12 (-20) ment.txt
 []


Overfull \hbox (5.01599pt too wide) in paragraph at lines 446--446
\T1/ptm/m/n/12 (-20) (text
 []


Overfull \hbox (2.98119pt too wide) in paragraph at lines 446--446
\T1/ptm/m/n/12 (-20) file)| 
 []


Overfull \hbox (20.62106pt too wide) in paragraph at lines 446--446
[]|\T1/ptm/m/n/12 (-20) Returns
 []


Overfull \hbox (2.24794pt too wide) in paragraph at lines 446--446
\T1/cmtt/m/n/12 400
 []


Overfull \hbox (2.55661pt too wide) in paragraph at lines 446--446
\T1/cmtt/m/n/12 Bad
 []


Overfull \hbox (27.25058pt too wide) in paragraph at lines 446--446
\T1/cmtt/m/n/12 Request
 []


Underfull \hbox (badness 10000) in paragraph at lines 446--446
\T1/ptm/m/n/12 (+20) or
 []


Overfull \hbox (2.24794pt too wide) in paragraph at lines 446--446
\T1/cmtt/m/n/12 422
 []


Overfull \hbox (64.29153pt too wide) in paragraph at lines 446--446
\T1/cmtt/m/n/12 Unprocessable
 []


Overfull \hbox (20.76842pt too wide) in paragraph at lines 446--446
\T1/cmtt/m/n/12 Entity
 []


Overfull \hbox (4.51314pt too wide) in paragraph at lines 446--446
\T1/ptm/m/n/12 (-20) with
 []


Underfull \hbox (badness 10000) in paragraph at lines 446--446
\T1/ptm/m/n/12 (+20) ap-
 []


Overfull \hbox (1.6362pt too wide) in paragraph at lines 446--446
\T1/ptm/m/n/12 (-20) pro-
 []


Underfull \hbox (badness 10000) in paragraph at lines 446--446
\T1/ptm/m/n/12 (+20) pri-
 []


Underfull \hbox (badness 10000) in paragraph at lines 446--446
\T1/ptm/m/n/12 (+20) ate
 []


Underfull \hbox (badness 10000) in paragraph at lines 446--446
\T1/ptm/m/n/12 (+20) er-
 []


Underfull \hbox (badness 10000) in paragraph at lines 446--446
\T1/ptm/m/n/12 (+20) ror
 []


Overfull \hbox (4.90521pt too wide) in paragraph at lines 446--446
\T1/ptm/m/n/12 (-20) mes-
 []


Overfull \hbox (4.93341pt too wide) in paragraph at lines 446--446
\T1/ptm/m/n/12 (-20) sage| 
 []


Underfull \hbox (badness 10000) in paragraph at lines 446--446
[]|\T1/ptm/m/n/12 (+20) No
 []


Overfull \hbox (3.62805pt too wide) in paragraph at lines 446--446
\T1/ptm/m/n/12 (-20) data
 []


Underfull \hbox (badness 10000) in paragraph at lines 446--446
\T1/ptm/m/n/12 (+20) is
 []


Underfull \hbox (badness 10000) in paragraph at lines 446--446
\T1/ptm/m/n/12 (+20) ex-
 []


Overfull \hbox (16.03462pt too wide) in paragraph at lines 446--446
\T1/ptm/m/n/12 (-20) tracted
 []


Underfull \hbox (badness 10000) in paragraph at lines 446--446
\T1/ptm/m/n/12 (+20) or
 []


Overfull \hbox (12.77724pt too wide) in paragraph at lines 446--446
\T1/ptm/m/n/12 (-20) stored| 
 []


Underfull \hbox (badness 10000) in paragraph at lines 446--446
[]|\T1/ptm/m/n/12 (+20) As
 []


Underfull \hbox (badness 10000) in paragraph at lines 446--446
\T1/ptm/m/n/12 (+20) Ex-
 []


Overfull \hbox (14.72943pt too wide) in paragraph at lines 446--446
\T1/ptm/m/n/12 (-20) pected| 
 []


Overfull \hbox (4.76515pt too wide) in paragraph at lines 446--446
[]|\T1/ptm/m/n/12 (-20) Pass| 
 []


Overfull \hbox (17.99873pt too wide) in paragraph at lines 446--446
[]|\T1/ptm/m/n/12 (-20) Handle
 []


Overfull \hbox (5.26778pt too wide) in paragraph at lines 446--446
\T1/ptm/m/n/12 (-20) PDF
 []


Overfull \hbox (4.51314pt too wide) in paragraph at lines 446--446
\T1/ptm/m/n/12 (-20) with
 []


Underfull \hbox (badness 10000) in paragraph at lines 446--446
\T1/ptm/m/n/12 (+20) no
 []


Overfull \hbox (14.70123pt too wide) in paragraph at lines 446--446
\T1/ptm/m/n/12 (-20) match-
 []


Underfull \hbox (badness 10000) in paragraph at lines 446--446
\T1/ptm/m/n/12 (+20) ing
 []


Overfull \hbox (8.86133pt too wide) in paragraph at lines 446--446
\T1/ptm/m/n/12 (-20) room| 
 []


Overfull \hbox (8.83452pt too wide) in paragraph at lines 446--446
[]|\T1/ptm/m/n/12 (-20) Valid
 []


Overfull \hbox (5.26778pt too wide) in paragraph at lines 446--446
\T1/ptm/m/n/12 (-20) PDF
 []


Overfull \hbox (1.33832pt too wide) in paragraph at lines 446--446
\T1/ptm/m/n/12 (-20) file;
 []


Underfull \hbox (badness 10000) in paragraph at lines 446--446
\T1/ptm/m/n/12 (+20) ad-
 []


Overfull \hbox (2.33446pt too wide) in paragraph at lines 446--446
\T1/ptm/m/n/12 (-20) min
 []


Overfull \hbox (8.28262pt too wide) in paragraph at lines 446--446
\T1/ptm/m/n/12 (-20) JWT;
 []


Overfull \hbox (5.26778pt too wide) in paragraph at lines 446--446
\T1/ptm/m/n/12 (-20) PDF
 []


Overfull \hbox (2.94154pt too wide) in paragraph at lines 446--446
\T1/ptm/m/n/12 (-20) con-
 []


Overfull \hbox (6.25037pt too wide) in paragraph at lines 446--446
\T1/ptm/m/n/12 (-20) tains
 []


Underfull \hbox (badness 10000) in paragraph at lines 446--446
\T1/ptm/m/n/12 (+20) dif-
 []


Underfull \hbox (badness 10000) in paragraph at lines 446--446
\T1/ptm/m/n/12 (+20) fer-
 []


Underfull \hbox (badness 10000) in paragraph at lines 446--446
\T1/ptm/m/n/12 (+20) ent
 []


Overfull \hbox (13.43585pt too wide) in paragraph at lines 446--446
\T1/ptm/m/n/12 (-20) rooms| 
 []


Overfull \hbox (3.63966pt too wide) in paragraph at lines 446--446
[]|\T1/ptm/m/n/12 (-20) Call
 []


Overfull \hbox (8.42143pt too wide) in paragraph at lines 446--446
\T1/cmtt/m/n/12 POST
 []


Overfull \hbox (106.88863pt too wide) in paragraph at lines 446--446
\T1/cmtt/m/n/12 /upload-seating-plan
 []


Overfull \hbox (4.51314pt too wide) in paragraph at lines 446--446
\T1/ptm/m/n/12 (-20) with
 []


Overfull \hbox (3.60017pt too wide) in paragraph at lines 446--446
\T1/ptm/m/n/12 (-20) non-
 []


Overfull \hbox (20.44102pt too wide) in paragraph at lines 446--446
\T1/ptm/m/n/12 (-20) existent
 []


Overfull \hbox (8.86133pt too wide) in paragraph at lines 446--446
\T1/ptm/m/n/12 (-20) room| 
 []


Overfull \hbox (10.33127pt too wide) in paragraph at lines 446--446
[]|\T1/cmtt/m/n/12 file\T1/ptm/m/n/12 (-20) :
 []


Overfull \hbox (4.2466pt too wide) in paragraph at lines 446--446
\T1/ptm/m/n/12 (-20) seat-
 []


Overfull \hbox (6.86934pt too wide) in paragraph at lines 446--446
\T1/ptm/m/n/12 (-20) ing_-
 []


Overfull \hbox (22.90273pt too wide) in paragraph at lines 446--446
\T1/ptm/m/n/12 (-20) plan.pdf| 
 []


Overfull \hbox (20.62106pt too wide) in paragraph at lines 446--446
[]|\T1/ptm/m/n/12 (-20) Returns
 []


Overfull \hbox (1.93927pt too wide) in paragraph at lines 446--446
\T1/cmtt/m/n/12 404
 []


Overfull \hbox (2.55661pt too wide) in paragraph at lines 446--446
\T1/cmtt/m/n/12 Not
 []


Overfull \hbox (14.9036pt too wide) in paragraph at lines 446--446
\T1/cmtt/m/n/12 Found
 []


Underfull \hbox (badness 10000) in paragraph at lines 446--446
\T1/ptm/m/n/12 (+20) or
 []


Overfull \hbox (2.24794pt too wide) in paragraph at lines 446--446
\T1/cmtt/m/n/12 400
 []


Overfull \hbox (2.55661pt too wide) in paragraph at lines 446--446
\T1/cmtt/m/n/12 Bad
 []


Overfull \hbox (27.25058pt too wide) in paragraph at lines 446--446
\T1/cmtt/m/n/12 Request
 []


Underfull \hbox (badness 10000) in paragraph at lines 446--446
\T1/ptm/m/n/12 (+20) in-
 []


Underfull \hbox (badness 10000) in paragraph at lines 446--446
\T1/ptm/m/n/12 (+20) di-
 []


Underfull \hbox (badness 10000) in paragraph at lines 446--446
\T1/ptm/m/n/12 (-2) cat-
 []


Underfull \hbox (badness 10000) in paragraph at lines 446--446
\T1/ptm/m/n/12 (+20) ing
 []


Overfull \hbox (8.86133pt too wide) in paragraph at lines 446--446
\T1/ptm/m/n/12 (-20) room
 []


Underfull \hbox (badness 10000) in paragraph at lines 446--446
\T1/ptm/m/n/12 (+20) not
 []


Overfull \hbox (11.47218pt too wide) in paragraph at lines 446--446
\T1/ptm/m/n/12 (-20) found
 []


Underfull \hbox (badness 10000) in paragraph at lines 446--446
\T1/ptm/m/n/12 (+20) in
 []


Overfull \hbox (5.60378pt too wide) in paragraph at lines 446--446
\T1/ptm/m/n/12 (-20) PDF| 
 []


Underfull \hbox (badness 10000) in paragraph at lines 446--446
[]|\T1/ptm/m/n/12 (+20) No
 []


Overfull \hbox (24.52533pt too wide) in paragraph at lines 446--446
\T1/ptm/m/n/12 (-20) database
 []


Overfull \hbox (21.9148pt too wide) in paragraph at lines 446--446
\T1/ptm/m/n/12 (-20) changes
 []


Underfull \hbox (badness 10000) in paragraph at lines 446--446
\T1/ptm/m/n/12 (+20) oc-
 []


Underfull \hbox (badness 10000) in paragraph at lines 446--446
[]|\T1/ptm/m/n/12 (+20) As
 []


Underfull \hbox (badness 10000) in paragraph at lines 446--446
\T1/ptm/m/n/12 (+20) Ex-
 []


Overfull \hbox (14.72943pt too wide) in paragraph at lines 446--446
\T1/ptm/m/n/12 (-20) pected| 
 []


Overfull \hbox (4.76515pt too wide) in paragraph at lines 446--446
[]|\T1/ptm/m/n/12 (-20) Pass| 
 []


Overfull \hbox (12.97742pt too wide) in paragraph at lines 446--446
[]|\T1/ptm/m/n/12 (-20) Verify
 []


Underfull \hbox (badness 10000) in paragraph at lines 446--446
\T1/ptm/m/n/12 (+20) au-
 []


Underfull \hbox (badness 10000) in paragraph at lines 446--446
\T1/ptm/m/n/12 (+20) to-
 []


Overfull \hbox (10.16637pt too wide) in paragraph at lines 446--446
\T1/ptm/m/n/12 (-20) matic
 []


Overfull \hbox (4.28668pt too wide) in paragraph at lines 446--446
\T1/ptm/m/n/12 (-20) dent
 []


Overfull \hbox (7.55585pt too wide) in paragraph at lines 446--446
\T1/ptm/m/n/12 (-20) ation
 []


Overfull \hbox (6.89735pt too wide) in paragraph at lines 446--446
\T1/ptm/m/n/12 (-20) from
 []


Overfull \hbox (4.2466pt too wide) in paragraph at lines 446--446
\T1/ptm/m/n/12 (-20) seat-
 []


Underfull \hbox (badness 10000) in paragraph at lines 446--446
\T1/ptm/m/n/12 (+20) ing
 []


Overfull \hbox (4.28668pt too wide) in paragraph at lines 446--446
\T1/ptm/m/n/12 (-20) plan| 
 []


Overfull \hbox (8.83452pt too wide) in paragraph at lines 446--446
[]|\T1/ptm/m/n/12 (-20) Valid
 []


Overfull \hbox (5.26778pt too wide) in paragraph at lines 446--446
\T1/ptm/m/n/12 (-20) PDF
 []


Overfull \hbox (1.33832pt too wide) in paragraph at lines 446--446
\T1/ptm/m/n/12 (-20) file;
 []


Underfull \hbox (badness 10000) in paragraph at lines 446--446
\T1/ptm/m/n/12 (+20) ad-
 []


Overfull \hbox (2.33446pt too wide) in paragraph at lines 446--446
\T1/ptm/m/n/12 (-20) min
 []


Overfull \hbox (8.28262pt too wide) in paragraph at lines 446--446
\T1/ptm/m/n/12 (-20) JWT;
 []


Overfull \hbox (4.28668pt too wide) in paragraph at lines 446--446
\T1/ptm/m/n/12 (-20) dent
 []


Overfull \hbox (4.51314pt too wide) in paragraph at lines 446--446
\T1/ptm/m/n/12 (-20) with
 []


Overfull \hbox (6.86932pt too wide) in paragraph at lines 446--446
\T1/ptm/m/n/12 (-20) num-
 []


Underfull \hbox (badness 10000) in paragraph at lines 446--446
\T1/ptm/m/n/12 (+20) ber
 []


Overfull \hbox (5.59204pt too wide) in paragraph at lines 446--446
\T1/ptm/m/n/12 (-20) does
 []


Underfull \hbox (badness 10000) in paragraph at lines 446--446
\T1/ptm/m/n/12 (+20) not
 []


Underfull \hbox (badness 10000) in paragraph at lines 446--446
\T1/ptm/m/n/12 (+20) ex-
 []


Overfull \hbox (18.65736pt too wide) in paragraph at lines 446--446
[]|\T1/ptm/m/n/12 (-20) Upload
 []


Overfull \hbox (4.2466pt too wide) in paragraph at lines 446--446
\T1/ptm/m/n/12 (-20) seat-
 []


Underfull \hbox (badness 10000) in paragraph at lines 446--446
\T1/ptm/m/n/12 (+20) ing
 []


Overfull \hbox (4.28668pt too wide) in paragraph at lines 446--446
\T1/ptm/m/n/12 (-20) plan
 []


Overfull \hbox (2.94154pt too wide) in paragraph at lines 446--446
\T1/ptm/m/n/12 (-20) con-
 []


Overfull \hbox (3.59987pt too wide) in paragraph at lines 446--446
\T1/ptm/m/n/12 (-20) tain-
 []


Underfull \hbox (badness 10000) in paragraph at lines 446--446
\T1/ptm/m/n/12 (+20) ing
 []


Overfull \hbox (2.89618pt too wide) in paragraph at lines 446--446
\T1/ptm/m/n/12 (-20) new
 []


Overfull \hbox (4.28668pt too wide) in paragraph at lines 446--446
\T1/ptm/m/n/12 (-20) dent
 []


Overfull \hbox (6.86932pt too wide) in paragraph at lines 446--446
\T1/ptm/m/n/12 (-20) num-
 []


Overfull \hbox (3.62807pt too wide) in paragraph at lines 446--446
\T1/ptm/m/n/12 (-20) bers| 
 []


Overfull \hbox (10.33127pt too wide) in paragraph at lines 446--446
[]|\T1/cmtt/m/n/12 file\T1/ptm/m/n/12 (-20) :
 []


Overfull \hbox (4.2466pt too wide) in paragraph at lines 446--446
\T1/ptm/m/n/12 (-20) seat-
 []


Overfull \hbox (6.86934pt too wide) in paragraph at lines 446--446
\T1/ptm/m/n/12 (-20) ing_-
 []


Overfull \hbox (22.90273pt too wide) in paragraph at lines 446--446
\T1/ptm/m/n/12 (-20) plan.pdf| 
 []


Overfull \hbox (5.50685pt too wide) in paragraph at lines 446--446
[]|\T1/ptm/m/n/12 (-20) New
 []


Overfull \hbox (1.64781pt too wide) in paragraph at lines 446--446
\T1/ptm/m/n/12 (-20) Stu-
 []


Overfull \hbox (4.28668pt too wide) in paragraph at lines 446--446
\T1/ptm/m/n/12 (-20) dent
 []


Overfull \hbox (18.64548pt too wide) in paragraph at lines 446--446
\T1/ptm/m/n/12 (-20) records
 []


Underfull \hbox (badness 10000) in paragraph at lines 446--446
\T1/ptm/m/n/12 (+20) are
 []


Overfull \hbox (3.62805pt too wide) in paragraph at lines 446--446
\T1/ptm/m/n/12 (-20) ated
 []


Overfull \hbox (4.51314pt too wide) in paragraph at lines 446--446
\T1/ptm/m/n/12 (-20) with
 []


Overfull \hbox (6.86932pt too wide) in paragraph at lines 446--446
\T1/ptm/m/n/12 (-20) num-
 []


Overfull \hbox (3.62807pt too wide) in paragraph at lines 446--446
\T1/ptm/m/n/12 (-20) bers
 []


Overfull \hbox (1.01752pt too wide) in paragraph at lines 446--446
\T1/ptm/m/n/12 (-20) and
 []


Overfull \hbox (14.08257pt too wide) in paragraph at lines 446--446
\T1/ptm/m/n/12 (-20) names
 []


Overfull \hbox (6.89735pt too wide) in paragraph at lines 446--446
\T1/ptm/m/n/12 (-20) from
 []


Overfull \hbox (7.87694pt too wide) in paragraph at lines 446--446
\T1/ptm/m/n/12 (-20) PDF;
 []


Overfull \hbox (10.16637pt too wide) in paragraph at lines 446--446
\T1/ptm/m/n/12 (-20) email
 []


Overfull \hbox (6.21071pt too wide) in paragraph at lines 446--446
\T1/ptm/m/n/12 (-20) auto-
 []


Overfull \hbox (29.74684pt too wide) in paragraph at lines 446--446
\T1/ptm/m/n/12 (-20) generated
 []


Underfull \hbox (badness 10000) in paragraph at lines 446--446
\T1/ptm/m/n/12 (+20) if
 []


Underfull \hbox (badness 10000) in paragraph at lines 446--446
\T1/ptm/m/n/12 (+20) not
 []


Overfull \hbox (17.99861pt too wide) in paragraph at lines 446--446
\T1/ptm/m/n/12 (-20) present| 
 []


Overfull \hbox (19.97433pt too wide) in paragraph at lines 446--446
[]|\T1/ptm/m/n/12 (-20) Student
 []


Overfull \hbox (18.64548pt too wide) in paragraph at lines 446--446
\T1/ptm/m/n/12 (-20) records
 []


Underfull \hbox (badness 10000) in paragraph at lines 446--446
\T1/ptm/m/n/12 (+20) ex-
 []


Underfull \hbox (badness 10000) in paragraph at lines 446--446
\T1/ptm/m/n/12 (+20) ist
 []


Underfull \hbox (badness 10000) in paragraph at lines 446--446
\T1/ptm/m/n/12 (+20) in
 []


Overfull \hbox (24.52533pt too wide) in paragraph at lines 446--446
\T1/ptm/m/n/12 (-20) database
 []


Overfull \hbox (4.51314pt too wide) in paragraph at lines 446--446
\T1/ptm/m/n/12 (-20) with
 []


Overfull \hbox (0.73763pt too wide) in paragraph at lines 446--446
\T1/ptm/m/n/12 (-20) cor-
 []


Overfull \hbox (1.66408pt too wide) in paragraph at lines 446--446
\T1/ptm/m/n/12 (-20) rect
 []


Overfull \hbox (6.86932pt too wide) in paragraph at lines 446--446
\T1/ptm/m/n/12 (-20) num-
 []


Overfull \hbox (3.62807pt too wide) in paragraph at lines 446--446
\T1/ptm/m/n/12 (-20) bers| 
 []


Underfull \hbox (badness 10000) in paragraph at lines 446--446
[]|\T1/ptm/m/n/12 (+20) As
 []


Underfull \hbox (badness 10000) in paragraph at lines 446--446
\T1/ptm/m/n/12 (+20) Ex-
 []


Overfull \hbox (14.72943pt too wide) in paragraph at lines 446--446
\T1/ptm/m/n/12 (-20) pected| 
 []


Overfull \hbox (4.76515pt too wide) in paragraph at lines 446--446
[]|\T1/ptm/m/n/12 (-20) Pass| 
 []


Overfull \hbox (12.97742pt too wide) in paragraph at lines 446--446
[]|\T1/ptm/m/n/12 (-20) Verify
 []


Overfull \hbox (2.32257pt too wide) in paragraph at lines 446--446
\T1/ptm/m/n/12 (-20) seat
 []


Underfull \hbox (badness 10000) in paragraph at lines 446--446
\T1/ptm/m/n/12 (+20) as-
 []


Overfull \hbox (5.56386pt too wide) in paragraph at lines 446--446
\T1/ptm/m/n/12 (-20) sign-
 []


Overfull \hbox (7.55583pt too wide) in paragraph at lines 446--446
\T1/ptm/m/n/12 (-20) ment
 []


Underfull \hbox (badness 10000) in paragraph at lines 446--446
\T1/ptm/m/n/12 (+20) to
 []


Underfull \hbox (badness 10000) in paragraph at lines 446--446
\T1/ptm/m/n/12 (+20) ex-
 []


Underfull \hbox (badness 10000) in paragraph at lines 446--446
\T1/ptm/m/n/12 (+20) ist-
 []


Underfull \hbox (badness 10000) in paragraph at lines 446--446
\T1/ptm/m/n/12 (+20) ing
 []


Overfull \hbox (8.8612pt too wide) in paragraph at lines 446--446
\T1/ptm/m/n/12 (-20) dents| 
 []


Overfull \hbox (8.83452pt too wide) in paragraph at lines 446--446
[]|\T1/ptm/m/n/12 (-20) Valid
 []


Overfull \hbox (5.26778pt too wide) in paragraph at lines 446--446
\T1/ptm/m/n/12 (-20) PDF
 []


Overfull \hbox (1.33832pt too wide) in paragraph at lines 446--446
\T1/ptm/m/n/12 (-20) file;
 []


Underfull \hbox (badness 10000) in paragraph at lines 446--446
\T1/ptm/m/n/12 (+20) ad-
 []


Overfull \hbox (2.33446pt too wide) in paragraph at lines 446--446
\T1/ptm/m/n/12 (-20) min
 []


Overfull \hbox (8.28262pt too wide) in paragraph at lines 446--446
\T1/ptm/m/n/12 (-20) JWT;
 []


Overfull \hbox (4.28668pt too wide) in paragraph at lines 446--446
\T1/ptm/m/n/12 (-20) dent
 []


Underfull \hbox (badness 10000) in paragraph at lines 446--446
\T1/ptm/m/n/12 (+20) al-
 []


Overfull \hbox (9.73492pt too wide) in paragraph at lines 446--446
\T1/ptm/m/n/12 (-20) ready
 []


Underfull \hbox (badness 10000) in paragraph at lines 446--446
\T1/ptm/m/n/12 (+20) ex-
 []


Underfull \hbox (badness 10000) in paragraph at lines 446--446
\T1/ptm/m/n/12 (-3) ists
 []


Underfull \hbox (badness 10000) in paragraph at lines 446--446
\T1/ptm/m/n/12 (+20) in
 []


Overfull \hbox (24.52533pt too wide) in paragraph at lines 446--446
\T1/ptm/m/n/12 (-20) database| 
 []


Overfull \hbox (18.65736pt too wide) in paragraph at lines 446--446
[]|\T1/ptm/m/n/12 (-20) Upload
 []


Overfull \hbox (4.2466pt too wide) in paragraph at lines 446--446
\T1/ptm/m/n/12 (-20) seat-
 []


Underfull \hbox (badness 10000) in paragraph at lines 446--446
\T1/ptm/m/n/12 (+20) ing
 []


Overfull \hbox (4.28668pt too wide) in paragraph at lines 446--446
\T1/ptm/m/n/12 (-20) plan
 []


Overfull \hbox (4.51314pt too wide) in paragraph at lines 446--446
\T1/ptm/m/n/12 (-20) with
 []


Underfull \hbox (badness 10000) in paragraph at lines 446--446
\T1/ptm/m/n/12 (+20) ex-
 []


Underfull \hbox (badness 10000) in paragraph at lines 446--446
\T1/ptm/m/n/12 (+20) ist-
 []


Underfull \hbox (badness 10000) in paragraph at lines 446--446
\T1/ptm/m/n/12 (+20) ing
 []


Overfull \hbox (4.28668pt too wide) in paragraph at lines 446--446
\T1/ptm/m/n/12 (-20) dent
 []


Overfull \hbox (6.86932pt too wide) in paragraph at lines 446--446
\T1/ptm/m/n/12 (-20) num-
 []


Overfull \hbox (3.62807pt too wide) in paragraph at lines 446--446
\T1/ptm/m/n/12 (-20) bers| 
 []


Overfull \hbox (10.33127pt too wide) in paragraph at lines 446--446
[]|\T1/cmtt/m/n/12 file\T1/ptm/m/n/12 (-20) :
 []


Overfull \hbox (4.2466pt too wide) in paragraph at lines 446--446
\T1/ptm/m/n/12 (-20) seat-
 []


Overfull \hbox (6.86934pt too wide) in paragraph at lines 446--446
\T1/ptm/m/n/12 (-20) ing_-
 []


Overfull \hbox (22.90273pt too wide) in paragraph at lines 446--446
\T1/ptm/m/n/12 (-20) plan.pdf| 
 []


Overfull \hbox (4.28653pt too wide) in paragraph at lines 446--446
[]|\T1/ptm/m/n/12 (-20) Seat
 []


Overfull \hbox (18.64548pt too wide) in paragraph at lines 446--446
\T1/ptm/m/n/12 (-20) records
 []


Underfull \hbox (badness 10000) in paragraph at lines 446--446
\T1/ptm/m/n/12 (+20) are
 []


Underfull \hbox (badness 10000) in paragraph at lines 446--446
\T1/ptm/m/n/12 (+20) at-
 []


Overfull \hbox (12.09071pt too wide) in paragraph at lines 446--446
\T1/ptm/m/n/12 (-20) ed/up-
 []


Overfull \hbox (9.50806pt too wide) in paragraph at lines 446--446
\T1/ptm/m/n/12 (-20) dated
 []


Overfull \hbox (4.2585pt too wide) in paragraph at lines 446--446
\T1/ptm/m/n/12 (-20) link-
 []


Underfull \hbox (badness 10000) in paragraph at lines 446--446
\T1/ptm/m/n/12 (+20) ing
 []


Underfull \hbox (badness 10000) in paragraph at lines 446--446
\T1/ptm/m/n/12 (+20) ex-
 []


Underfull \hbox (badness 10000) in paragraph at lines 446--446
\T1/ptm/m/n/12 (+20) ist-
 []


Underfull \hbox (badness 10000) in paragraph at lines 446--446
\T1/ptm/m/n/12 (+20) ing
 []


Overfull \hbox (1.64781pt too wide) in paragraph at lines 446--446
\T1/ptm/m/n/12 (-20) Stu-
 []


Overfull \hbox (4.28668pt too wide) in paragraph at lines 446--446
\T1/ptm/m/n/12 (-20) dent
 []


Underfull \hbox (badness 10000) in paragraph at lines 446--446
\T1/ptm/m/n/12 (+20) to
 []


Overfull \hbox (12.78912pt too wide) in paragraph at lines 446--446
\T1/ptm/m/n/12 (-20) Room
 []


Overfull \hbox (4.51314pt too wide) in paragraph at lines 446--446
\T1/ptm/m/n/12 (-20) with
 []


Overfull \hbox (0.73763pt too wide) in paragraph at lines 446--446
\T1/ptm/m/n/12 (-20) cor-
 []


Overfull \hbox (1.66408pt too wide) in paragraph at lines 446--446
\T1/ptm/m/n/12 (-20) rect
 []


Overfull \hbox (2.32257pt too wide) in paragraph at lines 446--446
\T1/ptm/m/n/12 (-20) seat
 []


Overfull \hbox (6.86932pt too wide) in paragraph at lines 446--446
\T1/ptm/m/n/12 (-20) num-
 []


Overfull \hbox (4.28653pt too wide) in paragraph at lines 446--446
[]|\T1/ptm/m/n/12 (-20) Seat
 []


Underfull \hbox (badness 10000) in paragraph at lines 446--446
\T1/ptm/m/n/12 (+20) as-
 []


Overfull \hbox (5.56386pt too wide) in paragraph at lines 446--446
\T1/ptm/m/n/12 (-20) sign-
 []


Overfull \hbox (7.55583pt too wide) in paragraph at lines 446--446
\T1/ptm/m/n/12 (-20) ment
 []


Underfull \hbox (badness 10000) in paragraph at lines 446--446
\T1/ptm/m/n/12 (+20) re-
 []


Overfull \hbox (8.86105pt too wide) in paragraph at lines 446--446
\T1/ptm/m/n/12 (-20) flects
 []


Underfull \hbox (badness 10000) in paragraph at lines 446--446
\T1/ptm/m/n/12 (+20) in
 []


Overfull \hbox (24.52533pt too wide) in paragraph at lines 446--446
\T1/ptm/m/n/12 (-20) database| 
 []


Underfull \hbox (badness 10000) in paragraph at lines 446--446
[]|\T1/ptm/m/n/12 (+20) As
 []


Underfull \hbox (badness 10000) in paragraph at lines 446--446
\T1/ptm/m/n/12 (+20) Ex-
 []


Overfull \hbox (14.72943pt too wide) in paragraph at lines 446--446
\T1/ptm/m/n/12 (-20) pected| 
 []


Overfull \hbox (4.76515pt too wide) in paragraph at lines 446--446
[]|\T1/ptm/m/n/12 (-20) Pass| 
 []


Overfull \hbox (17.99873pt too wide) in paragraph at lines 446--446
[]|\T1/ptm/m/n/12 (-20) Handle
 []


Overfull \hbox (7.32816pt too wide) in paragraph at lines 446--446
\T1/ptm/m/n/12 (-20) large
 []


Overfull \hbox (5.26778pt too wide) in paragraph at lines 446--446
\T1/ptm/m/n/12 (-20) PDF
 []


Underfull \hbox (badness 10000) in paragraph at lines 446--446
\T1/ptm/m/n/12 (+20) file
 []


Underfull \hbox (badness 10000) in paragraph at lines 446--446
\T1/ptm/m/n/12 (+20) up-
 []


Overfull \hbox (4.28668pt too wide) in paragraph at lines 446--446
\T1/ptm/m/n/12 (-20) load| 
 []


Overfull \hbox (8.83452pt too wide) in paragraph at lines 446--446
[]|\T1/ptm/m/n/12 (-20) Valid
 []


Overfull \hbox (5.26778pt too wide) in paragraph at lines 446--446
\T1/ptm/m/n/12 (-20) PDF
 []


Underfull \hbox (badness 10000) in paragraph at lines 446--446
\T1/ptm/m/n/12 (+20) file
 []


Overfull \hbox (30.43622pt too wide) in paragraph at lines 446--446
\T1/ptm/m/n/12 (-20) (>10MB);
 []


Underfull \hbox (badness 10000) in paragraph at lines 446--446
\T1/ptm/m/n/12 (+20) ad-
 []


Overfull \hbox (2.33446pt too wide) in paragraph at lines 446--446
\T1/ptm/m/n/12 (-20) min
 []


Overfull \hbox (6.66937pt too wide) in paragraph at lines 446--446
\T1/ptm/m/n/12 (-20) JWT| 
 []


Overfull \hbox (3.63966pt too wide) in paragraph at lines 446--446
[]|\T1/ptm/m/n/12 (-20) Call
 []


Overfull \hbox (8.42143pt too wide) in paragraph at lines 446--446
\T1/cmtt/m/n/12 POST
 []


Overfull \hbox (106.88863pt too wide) in paragraph at lines 446--446
\T1/cmtt/m/n/12 /upload-seating-plan
 []


Overfull \hbox (4.51314pt too wide) in paragraph at lines 446--446
\T1/ptm/m/n/12 (-20) with
 []


Overfull \hbox (7.32816pt too wide) in paragraph at lines 446--446
\T1/ptm/m/n/12 (-20) large
 []


Overfull \hbox (5.60378pt too wide) in paragraph at lines 446--446
\T1/ptm/m/n/12 (-20) PDF| 
 []


Overfull \hbox (10.33127pt too wide) in paragraph at lines 446--446
[]|\T1/cmtt/m/n/12 file\T1/ptm/m/n/12 (-20) :
 []


Overfull \hbox (15.13219pt too wide) in paragraph at lines 446--446
\T1/ptm/m/n/12 (-20) large_-
 []


Overfull \hbox (4.2466pt too wide) in paragraph at lines 446--446
\T1/ptm/m/n/12 (-20) seat-
 []


Overfull \hbox (6.86934pt too wide) in paragraph at lines 446--446
\T1/ptm/m/n/12 (-20) ing_-
 []


Overfull \hbox (22.90273pt too wide) in paragraph at lines 446--446
\T1/ptm/m/n/12 (-20) plan.pdf
 []


Overfull \hbox (21.53055pt too wide) in paragraph at lines 446--446
\T1/ptm/m/n/12 (-20) (15MB)| 
 []


Overfull \hbox (20.62106pt too wide) in paragraph at lines 446--446
[]|\T1/ptm/m/n/12 (-20) Returns
 []


Overfull \hbox (2.55661pt too wide) in paragraph at lines 446--446
\T1/cmtt/m/n/12 200
 []


Underfull \hbox (badness 10000) in paragraph at lines 446--446
\T1/cmtt/m/n/12 OK
 []


Underfull \hbox (badness 10000) in paragraph at lines 446--446
\T1/ptm/m/n/12 (+20) af-
 []


Underfull \hbox (badness 10000) in paragraph at lines 446--446
\T1/ptm/m/n/12 (+20) ter
 []


Overfull \hbox (1.6362pt too wide) in paragraph at lines 446--446
\T1/ptm/m/n/12 (-20) pro-
 []


Overfull \hbox (5.55196pt too wide) in paragraph at lines 446--446
\T1/ptm/m/n/12 (-20) cess-
 []


Overfull \hbox (1.33847pt too wide) in paragraph at lines 446--446
\T1/ptm/m/n/12 (-20) ing;
 []


Underfull \hbox (badness 10000) in paragraph at lines 446--446
\T1/ptm/m/n/12 (+20) or
 []


Overfull \hbox (2.24794pt too wide) in paragraph at lines 446--446
\T1/cmtt/m/n/12 413
 []


Overfull \hbox (27.25058pt too wide) in paragraph at lines 446--446
\T1/cmtt/m/n/12 Payload
 []


Overfull \hbox (2.24794pt too wide) in paragraph at lines 446--446
\T1/cmtt/m/n/12 Too
 []


Overfull \hbox (14.9036pt too wide) in paragraph at lines 446--446
\T1/cmtt/m/n/12 Large
 []


Underfull \hbox (badness 10000) in paragraph at lines 446--446
\T1/ptm/m/n/12 (+20) if
 []


Overfull \hbox (2.32257pt too wide) in paragraph at lines 446--446
\T1/ptm/m/n/12 (-20) size
 []


Overfull \hbox (6.26195pt too wide) in paragraph at lines 446--446
\T1/ptm/m/n/12 (-20) limit
 []


Underfull \hbox (badness 10000) in paragraph at lines 446--446
\T1/ptm/m/n/12 (+20) en-
 []


Overfull \hbox (14.07095pt too wide) in paragraph at lines 446--446
\T1/ptm/m/n/12 (-20) forced| 
 []


Overfull \hbox (2.33432pt too wide) in paragraph at lines 446--446
[]|\T1/ptm/m/n/12 (-20) File
 []


Underfull \hbox (badness 10000) in paragraph at lines 446--446
\T1/ptm/m/n/12 (+20) is
 []


Overfull \hbox (1.6362pt too wide) in paragraph at lines 446--446
\T1/ptm/m/n/12 (-20) pro-
 []


Overfull \hbox (14.72931pt too wide) in paragraph at lines 446--446
\T1/ptm/m/n/12 (-20) cessed
 []


Underfull \hbox (badness 10000) in paragraph at lines 446--446
\T1/ptm/m/n/12 (+20) or
 []


Underfull \hbox (badness 10000) in paragraph at lines 446--446
\T1/ptm/m/n/12 (+20) re-
 []


Overfull \hbox (12.11859pt too wide) in paragraph at lines 446--446
\T1/ptm/m/n/12 (-20) jected
 []


Overfull \hbox (10.81342pt too wide) in paragraph at lines 446--446
\T1/ptm/m/n/12 (-20) based
 []


Underfull \hbox (badness 10000) in paragraph at lines 446--446
\T1/ptm/m/n/12 (+20) on
 []


Overfull \hbox (2.32257pt too wide) in paragraph at lines 446--446
\T1/ptm/m/n/12 (-20) size
 []


Overfull \hbox (1.64764pt too wide) in paragraph at lines 446--446
\T1/ptm/m/n/12 (-20) lim-
 []


Underfull \hbox (badness 10000) in paragraph at lines 446--446
[]|\T1/ptm/m/n/12 (+20) As
 []


Underfull \hbox (badness 10000) in paragraph at lines 446--446
\T1/ptm/m/n/12 (+20) Ex-
 []


Overfull \hbox (14.72943pt too wide) in paragraph at lines 446--446
\T1/ptm/m/n/12 (-20) pected| 
 []


Overfull \hbox (4.76515pt too wide) in paragraph at lines 446--446
[]|\T1/ptm/m/n/12 (-20) Pass| 
 []


Overfull \hbox (12.97742pt too wide) in paragraph at lines 446--446
[]|\T1/ptm/m/n/12 (-20) Verify
 []


Overfull \hbox (8.86133pt too wide) in paragraph at lines 446--446
\T1/ptm/m/n/12 (-20) room
 []


Overfull \hbox (7.55585pt too wide) in paragraph at lines 446--446
\T1/ptm/m/n/12 (-20) ation
 []


Overfull \hbox (6.89735pt too wide) in paragraph at lines 446--446
\T1/ptm/m/n/12 (-20) from
 []


Overfull \hbox (4.2466pt too wide) in paragraph at lines 446--446
\T1/ptm/m/n/12 (-20) seat-
 []


Underfull \hbox (badness 10000) in paragraph at lines 446--446
\T1/ptm/m/n/12 (+20) ing
 []


Overfull \hbox (4.28668pt too wide) in paragraph at lines 446--446
\T1/ptm/m/n/12 (-20) plan| 
 []


Overfull \hbox (8.83452pt too wide) in paragraph at lines 446--446
[]|\T1/ptm/m/n/12 (-20) Valid
 []


Overfull \hbox (5.26778pt too wide) in paragraph at lines 446--446
\T1/ptm/m/n/12 (-20) PDF
 []


Overfull \hbox (1.33832pt too wide) in paragraph at lines 446--446
\T1/ptm/m/n/12 (-20) file;
 []


Underfull \hbox (badness 10000) in paragraph at lines 446--446
\T1/ptm/m/n/12 (+20) ad-
 []


Overfull \hbox (2.33446pt too wide) in paragraph at lines 446--446
\T1/ptm/m/n/12 (-20) min
 []


Overfull \hbox (8.28262pt too wide) in paragraph at lines 446--446
\T1/ptm/m/n/12 (-20) JWT;
 []


Overfull \hbox (8.86133pt too wide) in paragraph at lines 446--446
\T1/ptm/m/n/12 (-20) room
 []


Overfull \hbox (5.59204pt too wide) in paragraph at lines 446--446
\T1/ptm/m/n/12 (-20) does
 []


Underfull \hbox (badness 10000) in paragraph at lines 446--446
\T1/ptm/m/n/12 (+20) not
 []


Underfull \hbox (badness 10000) in paragraph at lines 446--446
\T1/ptm/m/n/12 (+20) ex-
 []


Overfull \hbox (18.65736pt too wide) in paragraph at lines 446--446
[]|\T1/ptm/m/n/12 (-20) Upload
 []


Overfull \hbox (4.2466pt too wide) in paragraph at lines 446--446
\T1/ptm/m/n/12 (-20) seat-
 []


Underfull \hbox (badness 10000) in paragraph at lines 446--446
\T1/ptm/m/n/12 (+20) ing
 []


Overfull \hbox (4.28668pt too wide) in paragraph at lines 446--446
\T1/ptm/m/n/12 (-20) plan
 []


Overfull \hbox (4.51314pt too wide) in paragraph at lines 446--446
\T1/ptm/m/n/12 (-20) with
 []


Overfull \hbox (2.89618pt too wide) in paragraph at lines 446--446
\T1/ptm/m/n/12 (-20) new
 []


Overfull \hbox (8.86133pt too wide) in paragraph at lines 446--446
\T1/ptm/m/n/12 (-20) room
 []


Overfull \hbox (6.86932pt too wide) in paragraph at lines 446--446
\T1/ptm/m/n/12 (-20) num-
 []


Overfull \hbox (10.33127pt too wide) in paragraph at lines 446--446
[]|\T1/cmtt/m/n/12 file\T1/ptm/m/n/12 (-20) :
 []


Overfull \hbox (4.2466pt too wide) in paragraph at lines 446--446
\T1/ptm/m/n/12 (-20) seat-
 []


Overfull \hbox (6.86934pt too wide) in paragraph at lines 446--446
\T1/ptm/m/n/12 (-20) ing_-
 []


Overfull \hbox (22.90273pt too wide) in paragraph at lines 446--446
\T1/ptm/m/n/12 (-20) plan.pdf| 
 []


Overfull \hbox (5.50685pt too wide) in paragraph at lines 446--446
[]|\T1/ptm/m/n/12 (-20) New
 []


Overfull \hbox (12.78912pt too wide) in paragraph at lines 446--446
\T1/ptm/m/n/12 (-20) Room
 []


Overfull \hbox (14.07095pt too wide) in paragraph at lines 446--446
\T1/ptm/m/n/12 (-20) record
 []


Underfull \hbox (badness 10000) in paragraph at lines 446--446
\T1/ptm/m/n/12 (+20) is
 []


Overfull \hbox (3.62805pt too wide) in paragraph at lines 446--446
\T1/ptm/m/n/12 (-20) ated
 []


Overfull \hbox (4.51314pt too wide) in paragraph at lines 446--446
\T1/ptm/m/n/12 (-20) with
 []


Overfull \hbox (8.86133pt too wide) in paragraph at lines 446--446
\T1/ptm/m/n/12 (-20) room
 []


Overfull \hbox (6.86932pt too wide) in paragraph at lines 446--446
\T1/ptm/m/n/12 (-20) num-
 []


Overfull \hbox (11.60669pt too wide) in paragraph at lines 446--446
\T1/ptm/m/n/12 (-20) block,
 []


Underfull \hbox (badness 10000) in paragraph at lines 446--446
\T1/ptm/m/n/12 (+20) to-
 []


Underfull \hbox (badness 10000) in paragraph at lines 446--446
\T1/ptm/m/n/12 (+20) tal
 []


Overfull \hbox (8.3371pt too wide) in paragraph at lines 446--446
\T1/ptm/m/n/12 (-20) seats,
 []


Overfull \hbox (1.01752pt too wide) in paragraph at lines 446--446
\T1/ptm/m/n/12 (-20) and
 []


Overfull \hbox (5.55206pt too wide) in paragraph at lines 446--446
\T1/ptm/m/n/12 (-20) cam-
 []


Underfull \hbox (badness 10000) in paragraph at lines 446--446
\T1/ptm/m/n/12 (+20) era
 []


Overfull \hbox (12.78912pt too wide) in paragraph at lines 446--446
[]|\T1/ptm/m/n/12 (-20) Room
 []


Overfull \hbox (14.07095pt too wide) in paragraph at lines 446--446
\T1/ptm/m/n/12 (-20) record
 []


Underfull \hbox (badness 10000) in paragraph at lines 446--446
\T1/ptm/m/n/12 (+20) ex-
 []


Underfull \hbox (badness 10000) in paragraph at lines 446--446
\T1/ptm/m/n/12 (-3) ists
 []


Underfull \hbox (badness 10000) in paragraph at lines 446--446
\T1/ptm/m/n/12 (+20) in
 []


Overfull \hbox (24.52533pt too wide) in paragraph at lines 446--446
\T1/ptm/m/n/12 (-20) database
 []


Overfull \hbox (13.31587pt too wide) in paragraph at lines 446--446
\T1/ptm/m/n/12 (-20) linked
 []


Underfull \hbox (badness 10000) in paragraph at lines 446--446
\T1/ptm/m/n/12 (+20) to
 []


Overfull \hbox (11.47202pt too wide) in paragraph at lines 446--446
\T1/ptm/m/n/12 (-20) Exam| 
 []


Underfull \hbox (badness 10000) in paragraph at lines 446--446
[]|\T1/ptm/m/n/12 (+20) As
 []


Underfull \hbox (badness 10000) in paragraph at lines 446--446
\T1/ptm/m/n/12 (+20) Ex-
 []


Overfull \hbox (14.72943pt too wide) in paragraph at lines 446--446
\T1/ptm/m/n/12 (-20) pected| 
 []


Overfull \hbox (4.76515pt too wide) in paragraph at lines 446--446
[]|\T1/ptm/m/n/12 (-20) Pass| 
 []


Underfull \vbox (badness 10000) has occurred while \output is active []



[59]
Overfull \vbox (3282.09573pt too high) has occurred while \output is active []



[60]
Overfull \hbox (24.97307pt too wide) in paragraph at lines 485--485
[]|\T1/ptm/b/n/12 (-20) Objective| 
 []


Overfull \hbox (45.91792pt too wide) in paragraph at lines 485--485
[]|\T1/ptm/b/n/12 (-20) Preconditions| 
 []


Overfull \hbox (3.66893pt too wide) in paragraph at lines 485--485
[]|\T1/ptm/b/n/12 (-20) Steps| 
 []


Underfull \hbox (badness 10000) in paragraph at lines 485--485
[]|\T1/ptm/b/n/12 (+20) Test
 []


Overfull \hbox (1.04675pt too wide) in paragraph at lines 485--485
\T1/ptm/b/n/12 (-20) Data| 
 []


Overfull \hbox (23.26099pt too wide) in paragraph at lines 485--485
[]|\T1/ptm/b/n/12 (-20) Expected
 []


Underfull \hbox (badness 10000) in paragraph at lines 485--485
\T1/ptm/b/n/12 (+20) Re-
 []


Overfull \hbox (49.82172pt too wide) in paragraph at lines 485--485
[]|\T1/ptm/b/n/12 (-20) Postconditions| 
 []


Overfull \hbox (10.19577pt too wide) in paragraph at lines 485--485
[]|\T1/ptm/b/n/12 (-20) Actual
 []


Underfull \hbox (badness 10000) in paragraph at lines 485--485
\T1/ptm/b/n/12 (+20) Re-
 []


Overfull \hbox (21.5473pt too wide) in paragraph at lines 485--485
[]|\T1/ptm/b/n/12 (-20) Pass/Fail| 
 []


Overfull \hbox (16.24246pt too wide) in paragraph at lines 485--485
[]|\T1/ptm/m/n/12 (-20) Retrieve
 []


Underfull \hbox (badness 10000) in paragraph at lines 485--485
\T1/ptm/m/n/12 (-9) mon-
 []


Underfull \hbox (badness 10000) in paragraph at lines 485--485
\T1/ptm/m/n/12 (+20) i-tor-
 []


Underfull \hbox (badness 10000) in paragraph at lines 485--485
\T1/ptm/m/n/12 (+20) ing
 []


Overfull \hbox (1.69334pt too wide) in paragraph at lines 485--485
\T1/ptm/m/n/12 (-20) feeds
 []


Underfull \hbox (badness 10000) in paragraph at lines 485--485
\T1/ptm/m/n/12 (+20) for
 []


Underfull \hbox (badness 10000) in paragraph at lines 485--485
\T1/ptm/m/n/12 (+20) all
 []


Underfull \hbox (badness 10000) in paragraph at lines 485--485
\T1/ptm/m/n/12 (+20) cam-
 []


Overfull \hbox (9.54904pt too wide) in paragraph at lines 485--485
[]|\T1/ptm/m/n/12 (-20) Admin
 []


Overfull \hbox (1.12653pt too wide) in paragraph at lines 485--485
\T1/ptm/m/n/12 (-20) JWT;
 []


Overfull \hbox (6.27975pt too wide) in paragraph at lines 485--485
\T1/ptm/m/n/12 (-20) rooms
 []


Underfull \hbox (badness 10000) in paragraph at lines 485--485
\T1/ptm/m/n/12 (+20) with
 []


Underfull \hbox (badness 10000) in paragraph at lines 485--485
\T1/ptm/m/n/12 (+20) cam-
 []


Underfull \hbox (badness 10000) in paragraph at lines 485--485
\T1/ptm/m/n/12 (+20) eras
 []


Underfull \hbox (badness 10000) in paragraph at lines 485--485
\T1/ptm/m/n/12 (+20) ex-ist
 []


Underfull \hbox (badness 10000) in paragraph at lines 485--485
\T1/ptm/m/n/12 (+20) in
 []


Overfull \hbox (17.36923pt too wide) in paragraph at lines 485--485
\T1/ptm/m/n/12 (-20) database| 
 []


Underfull \hbox (badness 10000) in paragraph at lines 485--485
[]|\T1/ptm/m/n/12 (+20) Call
 []


Underfull \hbox (badness 10000) in paragraph at lines 485--485
\T1/cmtt/m/n/12 GET
 []


Overfull \hbox (81.21205pt too wide) in paragraph at lines 485--485
\T1/cmtt/m/n/12 /monitoring/feeds| 
 []


Underfull \hbox (badness 10000) in paragraph at lines 485--485
[]|\T1/ptm/m/n/12 (+20) No
 []


Underfull \hbox (badness 10000) in paragraph at lines 485--485
\T1/ptm/m/n/12 (+20) pa-
 []


Underfull \hbox (badness 10000) in paragraph at lines 485--485
\T1/ptm/m/n/12 (+20) ram-
 []


Overfull \hbox (13.46497pt too wide) in paragraph at lines 485--485
[]|\T1/ptm/m/n/12 (-20) Returns
 []


Underfull \hbox (badness 10000) in paragraph at lines 485--485
\T1/cmtt/m/n/12 200
 []


Underfull \hbox (badness 10000) in paragraph at lines 485--485
\T1/cmtt/m/n/12 OK
 []


Underfull \hbox (badness 10000) in paragraph at lines 485--485
\T1/ptm/m/n/12 (+20) with
 []


Underfull \hbox (badness 10000) in paragraph at lines 485--485
\T1/ptm/m/n/12 (+20) list
 []


Underfull \hbox (badness 10000) in paragraph at lines 485--485
\T1/ptm/m/n/12 (+20) of
 []


Underfull \hbox (badness 10000) in paragraph at lines 485--485
\T1/ptm/m/n/12 (+20) cam-
 []


Underfull \hbox (badness 10000) in paragraph at lines 485--485
\T1/ptm/m/n/12 (+20) era
 []


Overfull \hbox (1.69334pt too wide) in paragraph at lines 485--485
\T1/ptm/m/n/12 (-20) feeds
 []


Underfull \hbox (badness 10000) in paragraph at lines 485--485
\T1/ptm/m/n/12 (+20) in-
 []


Underfull \hbox (badness 10000) in paragraph at lines 485--485
\T1/ptm/m/n/12 (+18) clud-
 []


Underfull \hbox (badness 10000) in paragraph at lines 485--485
\T1/ptm/m/n/12 (+20) ing
 []


Underfull \hbox (badness 10000) in paragraph at lines 485--485
\T1/ptm/m/n/12 (+20) cam-
 []


Underfull \hbox (badness 10000) in paragraph at lines 485--485
\T1/ptm/m/n/12 (+20) era
 []


Underfull \hbox (badness 10000) in paragraph at lines 485--485
\T1/ptm/m/n/12 (+20) ID,
 []


Overfull \hbox (1.70523pt too wide) in paragraph at lines 485--485
\T1/ptm/m/n/12 (-20) room
 []


Overfull \hbox (3.79195pt too wide) in paragraph at lines 485--485
\T1/ptm/m/n/12 (-20) name,
 []


Underfull \hbox (badness 10000) in paragraph at lines 485--485
\T1/ptm/m/n/12 (+20) sta-
 []


Underfull \hbox (badness 10000) in paragraph at lines 485--485
\T1/ptm/m/n/12 (+20) tus,
 []


Overfull \hbox (8.23166pt too wide) in paragraph at lines 485--485
\T1/ptm/m/n/12 (-20) stream
 []


Overfull \hbox (1.83989pt too wide) in paragraph at lines 485--485
\T1/ptm/m/n/12 (-20) URL,
 []


Underfull \hbox (badness 10000) in paragraph at lines 485--485
\T1/ptm/m/n/12 (+20) and
 []


Underfull \hbox (badness 10000) in paragraph at lines 485--485
\T1/ptm/m/n/12 (+20) stu-
 []


Overfull \hbox (1.70511pt too wide) in paragraph at lines 485--485
\T1/ptm/m/n/12 (-20) dents
 []


Underfull \hbox (badness 10000) in paragraph at lines 485--485
\T1/ptm/m/n/12 (-9) mon-
 []


Underfull \hbox (badness 10000) in paragraph at lines 485--485
\T1/ptm/m/n/12 (+20) i-
 []


Overfull \hbox (1.04662pt too wide) in paragraph at lines 485--485
\T1/ptm/m/n/12 (-20) tored
 []


Overfull \hbox (3.01059pt too wide) in paragraph at lines 485--485
\T1/ptm/m/n/12 (-20) count| 
 []


Overfull \hbox (21.95567pt too wide) in paragraph at lines 485--485
[]|\T1/ptm/m/n/12 (-20) Response
 []


Underfull \hbox (badness 10000) in paragraph at lines 485--485
\T1/ptm/m/n/12 (+20) con-
 []


Underfull \hbox (badness 10000) in paragraph at lines 485--485
\T1/ptm/m/n/12 (-12) valid
 []


Underfull \hbox (badness 10000) in paragraph at lines 485--485
\T1/ptm/m/n/12 (+20) feed
 []


Underfull \hbox (badness 10000) in paragraph at lines 485--485
\T1/ptm/m/n/12 (+20) data
 []


Underfull \hbox (badness 10000) in paragraph at lines 485--485
\T1/ptm/m/n/12 (+20) for
 []


Underfull \hbox (badness 10000) in paragraph at lines 485--485
\T1/ptm/m/n/12 (+20) all
 []


Overfull \hbox (6.27975pt too wide) in paragraph at lines 485--485
\T1/ptm/m/n/12 (-20) rooms| 
 []


Underfull \hbox (badness 10000) in paragraph at lines 485--485
[]|\T1/ptm/m/n/12 (+20) As
 []


Underfull \hbox (badness 10000) in paragraph at lines 485--485
\T1/ptm/m/n/12 (+20) Ex-
 []


Overfull \hbox (7.57333pt too wide) in paragraph at lines 485--485
\T1/ptm/m/n/12 (-20) pected| 
 []


Overfull \hbox (2.15942pt too wide) in paragraph at lines 485--485
[]|\T1/ptm/m/n/12 (-20) Filter
 []


Underfull \hbox (badness 10000) in paragraph at lines 485--485
\T1/ptm/m/n/12 (-9) mon-
 []


Underfull \hbox (badness 10000) in paragraph at lines 485--485
\T1/ptm/m/n/12 (+20) i-tor-
 []


Underfull \hbox (badness 10000) in paragraph at lines 485--485
\T1/ptm/m/n/12 (+20) ing
 []


Overfull \hbox (1.69334pt too wide) in paragraph at lines 485--485
\T1/ptm/m/n/12 (-20) feeds
 []


Underfull \hbox (badness 10000) in paragraph at lines 485--485
\T1/ptm/m/n/12 (+20) by
 []


Overfull \hbox (2.17206pt too wide) in paragraph at lines 485--485
\T1/ptm/m/n/12 (-20) exam
 []


Overfull \hbox (9.54904pt too wide) in paragraph at lines 485--485
[]|\T1/ptm/m/n/12 (-20) Admin
 []


Overfull \hbox (1.12653pt too wide) in paragraph at lines 485--485
\T1/ptm/m/n/12 (-20) JWT;
 []


Underfull \hbox (badness 10000) in paragraph at lines 485--485
\T1/ptm/m/n/12 (+20) mul-
 []


Underfull \hbox (badness 10000) in paragraph at lines 485--485
\T1/ptm/m/n/12 (+20) ti-ple
 []


Underfull \hbox (badness 10000) in paragraph at lines 485--485
\T1/ptm/m/n/12 (+20) ex-
 []


Underfull \hbox (badness 10000) in paragraph at lines 485--485
\T1/ptm/m/n/12 (+20) ams
 []


Underfull \hbox (badness 10000) in paragraph at lines 485--485
\T1/ptm/m/n/12 (+20) with
 []


Overfull \hbox (6.27975pt too wide) in paragraph at lines 485--485
\T1/ptm/m/n/12 (-20) rooms| 
 []


Underfull \hbox (badness 10000) in paragraph at lines 485--485
[]|\T1/ptm/m/n/12 (+20) Call
 []


Underfull \hbox (badness 10000) in paragraph at lines 485--485
\T1/cmtt/m/n/12 GET
 []


Overfull \hbox (121.33975pt too wide) in paragraph at lines 485--485
\T1/cmtt/m/n/12 /monitoring/feeds?exam_-
 []


Overfull \hbox (35.52821pt too wide) in paragraph at lines 485--485
\T1/cmtt/m/n/12 id={exam_-
 []


Overfull \hbox (10.83424pt too wide) in paragraph at lines 485--485
[]|\T1/cmtt/m/n/12 exam_-
 []


Underfull \hbox (badness 10000) in paragraph at lines 485--485
\T1/cmtt/m/n/12 id\T1/ptm/m/n/12 (+20) :
 []


Underfull \hbox (badness 10000) in paragraph at lines 485--485
\T1/ptm/m/n/12 (-12) valid
 []


Overfull \hbox (6.2681pt too wide) in paragraph at lines 485--485
\T1/ptm/m/n/12 (-20) UUID| 
 []


Overfull \hbox (13.46497pt too wide) in paragraph at lines 485--485
[]|\T1/ptm/m/n/12 (-20) Returns
 []


Underfull \hbox (badness 10000) in paragraph at lines 485--485
\T1/ptm/m/n/12 (+20) only
 []


Underfull \hbox (badness 10000) in paragraph at lines 485--485
\T1/ptm/m/n/12 (+20) cam-
 []


Underfull \hbox (badness 10000) in paragraph at lines 485--485
\T1/ptm/m/n/12 (+20) era
 []


Overfull \hbox (1.69334pt too wide) in paragraph at lines 485--485
\T1/ptm/m/n/12 (-20) feeds
 []


Underfull \hbox (badness 10000) in paragraph at lines 485--485
\T1/ptm/m/n/12 (+20) for
 []


Overfull \hbox (6.27975pt too wide) in paragraph at lines 485--485
\T1/ptm/m/n/12 (-20) rooms
 []


Underfull \hbox (badness 10000) in paragraph at lines 485--485
\T1/ptm/m/n/12 (+20) as-
 []


Underfull \hbox (badness 10000) in paragraph at lines 485--485
\T1/ptm/m/n/12 (+20) so-ci-
 []


Underfull \hbox (badness 10000) in paragraph at lines 485--485
\T1/ptm/m/n/12 (+20) ated
 []


Underfull \hbox (badness 10000) in paragraph at lines 485--485
\T1/ptm/m/n/12 (+20) with
 []


Underfull \hbox (badness 10000) in paragraph at lines 485--485
\T1/ptm/m/n/12 (+20) the
 []


Underfull \hbox (badness 10000) in paragraph at lines 485--485
\T1/ptm/m/n/12 (+20) i-fied
 []


Overfull \hbox (2.17206pt too wide) in paragraph at lines 485--485
\T1/ptm/m/n/12 (-20) exam| 
 []


Overfull \hbox (21.95567pt too wide) in paragraph at lines 485--485
[]|\T1/ptm/m/n/12 (-20) Response
 []


Underfull \hbox (badness 10000) in paragraph at lines 485--485
\T1/ptm/m/n/12 (+20) con-
 []


Overfull \hbox (1.69334pt too wide) in paragraph at lines 485--485
\T1/ptm/m/n/12 (-20) feeds
 []


Underfull \hbox (badness 10000) in paragraph at lines 485--485
\T1/ptm/m/n/12 (+20) fil-
 []


Underfull \hbox (badness 10000) in paragraph at lines 485--485
\T1/ptm/m/n/12 (+20) by
 []


Overfull \hbox (2.17206pt too wide) in paragraph at lines 485--485
\T1/ptm/m/n/12 (-20) exam| 
 []


Underfull \hbox (badness 10000) in paragraph at lines 485--485
[]|\T1/ptm/m/n/12 (+20) As
 []


Underfull \hbox (badness 10000) in paragraph at lines 485--485
\T1/ptm/m/n/12 (+20) Ex-
 []


Overfull \hbox (7.57333pt too wide) in paragraph at lines 485--485
\T1/ptm/m/n/12 (-20) pected| 
 []


Overfull \hbox (14.1002pt too wide) in paragraph at lines 485--485
[]|\T1/ptm/m/n/12 (-20) Enforce
 []


Overfull \hbox (8.00232pt too wide) in paragraph at lines 485--485
\T1/ptm/m/n/12 (-20) RBAC
 []


Underfull \hbox (badness 10000) in paragraph at lines 485--485
\T1/ptm/m/n/12 (+20) on
 []


Underfull \hbox (badness 10000) in paragraph at lines 485--485
\T1/ptm/m/n/12 (-9) mon-
 []


Underfull \hbox (badness 10000) in paragraph at lines 485--485
\T1/ptm/m/n/12 (+20) i-tor-
 []


Underfull \hbox (badness 10000) in paragraph at lines 485--485
\T1/ptm/m/n/12 (+20) ing
 []


Overfull \hbox (1.69334pt too wide) in paragraph at lines 485--485
\T1/ptm/m/n/12 (-20) feeds| 
 []


Overfull \hbox (12.81824pt too wide) in paragraph at lines 485--485
[]|\T1/ptm/m/n/12 (-20) Student
 []


Underfull \hbox (badness 10000) in paragraph at lines 485--485
[]|\T1/ptm/m/n/12 (+20) Call
 []


Underfull \hbox (badness 10000) in paragraph at lines 485--485
\T1/cmtt/m/n/12 GET
 []


Overfull \hbox (81.21205pt too wide) in paragraph at lines 485--485
\T1/cmtt/m/n/12 /monitoring/feeds| 
 []


Overfull \hbox (12.81824pt too wide) in paragraph at lines 485--485
[]|\T1/ptm/m/n/12 (-20) Student
 []


Underfull \hbox (badness 10000) in paragraph at lines 485--485
\T1/ptm/m/n/12 (+20) to-
 []


Overfull \hbox (13.46497pt too wide) in paragraph at lines 485--485
[]|\T1/ptm/m/n/12 (-20) Returns
 []


Underfull \hbox (badness 10000) in paragraph at lines 485--485
\T1/cmtt/m/n/12 403
 []


Overfull \hbox (32.44147pt too wide) in paragraph at lines 485--485
\T1/cmtt/m/n/12 Forbidden
 []


Underfull \hbox (badness 10000) in paragraph at lines 485--485
\T1/ptm/m/n/12 (+20) with
 []


Underfull \hbox (badness 10000) in paragraph at lines 485--485
\T1/ptm/m/n/12 (+20) ``Ac-
 []


Underfull \hbox (badness 10000) in paragraph at lines 485--485
\T1/ptm/m/n/12 (+20) cess
 []


Underfull \hbox (badness 10000) in paragraph at lines 485--485
\T1/ptm/m/n/12 (+20) de-
 []


Overfull \hbox (2.35196pt too wide) in paragraph at lines 485--485
\T1/ptm/m/n/12 (-20) nied''| 
 []


Underfull \hbox (badness 10000) in paragraph at lines 485--485
[]|\T1/ptm/m/n/12 (+20) No
 []


Underfull \hbox (badness 10000) in paragraph at lines 485--485
\T1/ptm/m/n/12 (-9) mon-
 []


Underfull \hbox (badness 10000) in paragraph at lines 485--485
\T1/ptm/m/n/12 (+20) i-tor-
 []


Underfull \hbox (badness 10000) in paragraph at lines 485--485
\T1/ptm/m/n/12 (+20) ing
 []


Underfull \hbox (badness 10000) in paragraph at lines 485--485
\T1/ptm/m/n/12 (+20) data
 []


Overfull \hbox (4.31595pt too wide) in paragraph at lines 485--485
\T1/ptm/m/n/12 (-20) posed
 []


Underfull \hbox (badness 10000) in paragraph at lines 485--485
\T1/ptm/m/n/12 (+20) to
 []


Overfull \hbox (1.66545pt too wide) in paragraph at lines 485--485
\T1/ptm/m/n/12 (-20) unau-
 []


Underfull \hbox (badness 10000) in paragraph at lines 485--485
\T1/ptm/m/n/12 (+20) tho-
 []


Overfull \hbox (1.0465pt too wide) in paragraph at lines 485--485
\T1/ptm/m/n/12 (-20) users| 
 []


Underfull \hbox (badness 10000) in paragraph at lines 485--485
[]|\T1/ptm/m/n/12 (+20) As
 []


Underfull \hbox (badness 10000) in paragraph at lines 485--485
\T1/ptm/m/n/12 (+20) Ex-
 []


Overfull \hbox (7.57333pt too wide) in paragraph at lines 485--485
\T1/ptm/m/n/12 (-20) pected| 
 []


Overfull \hbox (5.82132pt too wide) in paragraph at lines 485--485
[]|\T1/ptm/m/n/12 (-20) Verify
 []


Underfull \hbox (badness 10000) in paragraph at lines 485--485
\T1/ptm/m/n/12 (+20) cam-
 []


Underfull \hbox (badness 10000) in paragraph at lines 485--485
\T1/ptm/m/n/12 (+20) era
 []


Underfull \hbox (badness 10000) in paragraph at lines 485--485
\T1/ptm/m/n/12 (+20) sta-
 []


Underfull \hbox (badness 10000) in paragraph at lines 485--485
\T1/ptm/m/n/12 (+20) tus
 []


Underfull \hbox (badness 10000) in paragraph at lines 485--485
\T1/ptm/m/n/12 (+20) end-
 []


Overfull \hbox (1.05838pt too wide) in paragraph at lines 485--485
\T1/ptm/m/n/12 (-20) point| 
 []


Overfull \hbox (9.54904pt too wide) in paragraph at lines 485--485
[]|\T1/ptm/m/n/12 (-20) Admin
 []


Overfull \hbox (1.12653pt too wide) in paragraph at lines 485--485
\T1/ptm/m/n/12 (-20) JWT;
 []


Underfull \hbox (badness 10000) in paragraph at lines 485--485
\T1/ptm/m/n/12 (+20) cam-
 []


Underfull \hbox (badness 10000) in paragraph at lines 485--485
\T1/ptm/m/n/12 (+20) era
 []


Underfull \hbox (badness 10000) in paragraph at lines 485--485
\T1/ptm/m/n/12 (+20) ex-
 []


Underfull \hbox (badness 10000) in paragraph at lines 485--485
[]|\T1/ptm/m/n/12 (+20) Call
 []


Underfull \hbox (badness 10000) in paragraph at lines 485--485
\T1/cmtt/m/n/12 GET
 []


Overfull \hbox (152.20721pt too wide) in paragraph at lines 485--485
\T1/cmtt/m/n/12 /monitoring/cameras/{camera_-
 []


Overfull \hbox (38.61496pt too wide) in paragraph at lines 485--485
\T1/cmtt/m/n/12 id}/status| 
 []


Overfull \hbox (23.18123pt too wide) in paragraph at lines 485--485
[]|\T1/cmtt/m/n/12 camera_-
 []


Underfull \hbox (badness 10000) in paragraph at lines 485--485
\T1/cmtt/m/n/12 id\T1/ptm/m/n/12 (+20) :
 []


Underfull \hbox (badness 10000) in paragraph at lines 485--485
\T1/ptm/m/n/12 (-12) valid
 []


Underfull \hbox (badness 10000) in paragraph at lines 485--485
\T1/ptm/m/n/12 (+20) cam-
 []


Underfull \hbox (badness 10000) in paragraph at lines 485--485
\T1/ptm/m/n/12 (+20) era
 []


Overfull \hbox (13.46497pt too wide) in paragraph at lines 485--485
[]|\T1/ptm/m/n/12 (-20) Returns
 []


Underfull \hbox (badness 10000) in paragraph at lines 485--485
\T1/cmtt/m/n/12 200
 []


Underfull \hbox (badness 10000) in paragraph at lines 485--485
\T1/cmtt/m/n/12 OK
 []


Underfull \hbox (badness 10000) in paragraph at lines 485--485
\T1/ptm/m/n/12 (+20) with
 []


Underfull \hbox (badness 10000) in paragraph at lines 485--485
\T1/ptm/m/n/12 (+20) cam-
 []


Underfull \hbox (badness 10000) in paragraph at lines 485--485
\T1/ptm/m/n/12 (+20) era
 []


Underfull \hbox (badness 10000) in paragraph at lines 485--485
\T1/ptm/m/n/12 (+20) sta-
 []


Underfull \hbox (badness 10000) in paragraph at lines 485--485
\T1/ptm/m/n/12 (+20) tus
 []


Underfull \hbox (badness 10000) in paragraph at lines 485--485
\T1/ptm/m/n/12 (+20) in-
 []


Underfull \hbox (badness 10000) in paragraph at lines 485--485
\T1/ptm/m/n/12 (+18) clud-
 []


Underfull \hbox (badness 10000) in paragraph at lines 485--485
\T1/ptm/m/n/12 (+20) ing
 []


Underfull \hbox (badness 10000) in paragraph at lines 485--485
\T1/ptm/m/n/12 (+20) last
 []


Overfull \hbox (2.31201pt too wide) in paragraph at lines 485--485
\T1/ptm/m/n/12 (-20) heart-
 []


Underfull \hbox (badness 10000) in paragraph at lines 485--485
\T1/ptm/m/n/12 (+20) beat,
 []


Underfull \hbox (badness 10000) in paragraph at lines 485--485
\T1/ptm/m/n/12 (+20) stu-
 []


Overfull \hbox (1.70511pt too wide) in paragraph at lines 485--485
\T1/ptm/m/n/12 (-20) dents
 []


Underfull \hbox (badness 10000) in paragraph at lines 485--485
\T1/ptm/m/n/12 (+20) de-
 []


Overfull \hbox (6.4025pt too wide) in paragraph at lines 485--485
\T1/ptm/m/n/12 (-20) tected,
 []


Underfull \hbox (badness 10000) in paragraph at lines 485--485
\T1/ptm/m/n/12 (+20) and
 []


Underfull \hbox (badness 10000) in paragraph at lines 485--485
\T1/ptm/m/n/12 (+20) con-
 []


Underfull \hbox (badness 10000) in paragraph at lines 485--485
\T1/ptm/m/n/12 (+20) nec-
 []


Underfull \hbox (badness 10000) in paragraph at lines 485--485
\T1/ptm/m/n/12 (+20) tion
 []


Underfull \hbox (badness 10000) in paragraph at lines 485--485
\T1/ptm/m/n/12 (+20) sta-
 []


Overfull \hbox (21.95567pt too wide) in paragraph at lines 485--485
[]|\T1/ptm/m/n/12 (-20) Response
 []


Underfull \hbox (badness 10000) in paragraph at lines 485--485
\T1/ptm/m/n/12 (+20) con-
 []


Underfull \hbox (badness 10000) in paragraph at lines 485--485
\T1/ptm/m/n/12 (-12) valid
 []


Underfull \hbox (badness 10000) in paragraph at lines 485--485
\T1/ptm/m/n/12 (+20) sta-
 []


Underfull \hbox (badness 10000) in paragraph at lines 485--485
\T1/ptm/m/n/12 (+20) tus
 []


Underfull \hbox (badness 10000) in paragraph at lines 485--485
\T1/ptm/m/n/12 (+20) in-
 []


Underfull \hbox (badness 10000) in paragraph at lines 485--485
\T1/ptm/m/n/12 (+20) for-
 []


Underfull \hbox (badness 10000) in paragraph at lines 485--485
\T1/ptm/m/n/12 (+20) ma-
 []


Underfull \hbox (badness 10000) in paragraph at lines 485--485
[]|\T1/ptm/m/n/12 (+20) As
 []


Underfull \hbox (badness 10000) in paragraph at lines 485--485
\T1/ptm/m/n/12 (+20) Ex-
 []


Overfull \hbox (7.57333pt too wide) in paragraph at lines 485--485
\T1/ptm/m/n/12 (-20) pected| 
 []


Overfull \hbox (10.84264pt too wide) in paragraph at lines 485--485
[]|\T1/ptm/m/n/12 (-20) Handle
 []


Underfull \hbox (badness 10000) in paragraph at lines 485--485
\T1/ptm/m/n/12 (+20) non-
 []


Overfull \hbox (13.28493pt too wide) in paragraph at lines 485--485
\T1/ptm/m/n/12 (-20) existent
 []


Underfull \hbox (badness 10000) in paragraph at lines 485--485
\T1/ptm/m/n/12 (+20) cam-
 []


Underfull \hbox (badness 10000) in paragraph at lines 485--485
\T1/ptm/m/n/12 (+20) era
 []


Overfull \hbox (9.54904pt too wide) in paragraph at lines 485--485
[]|\T1/ptm/m/n/12 (-20) Admin
 []


Underfull \hbox (badness 10000) in paragraph at lines 485--485
[]|\T1/ptm/m/n/12 (+20) Call
 []


Underfull \hbox (badness 10000) in paragraph at lines 485--485
\T1/cmtt/m/n/12 GET
 []


Overfull \hbox (204.6819pt too wide) in paragraph at lines 485--485
\T1/cmtt/m/n/12 /monitoring/cameras/invalid-id/status| 
 []


Overfull \hbox (23.18123pt too wide) in paragraph at lines 485--485
[]|\T1/cmtt/m/n/12 camera_-
 []


Underfull \hbox (badness 10000) in paragraph at lines 485--485
\T1/cmtt/m/n/12 id\T1/ptm/m/n/12 (+20) :
 []


Overfull \hbox (15.49109pt too wide) in paragraph at lines 485--485
\T1/ptm/m/n/12 (-20) "invalid-
 []


Overfull \hbox (13.46497pt too wide) in paragraph at lines 485--485
[]|\T1/ptm/m/n/12 (-20) Returns
 []


Underfull \hbox (badness 10000) in paragraph at lines 485--485
\T1/cmtt/m/n/12 404
 []


Underfull \hbox (badness 10000) in paragraph at lines 485--485
\T1/cmtt/m/n/12 Not
 []


Overfull \hbox (7.7475pt too wide) in paragraph at lines 485--485
\T1/cmtt/m/n/12 Found
 []


Underfull \hbox (badness 10000) in paragraph at lines 485--485
\T1/ptm/m/n/12 (+20) with
 []


Underfull \hbox (badness 10000) in paragraph at lines 485--485
\T1/ptm/m/n/12 (+20) ap-
 []


Underfull \hbox (badness 10000) in paragraph at lines 485--485
\T1/ptm/m/n/12 (+20) pro-
 []


Underfull \hbox (badness 10000) in paragraph at lines 485--485
\T1/ptm/m/n/12 (+20) pri-
 []


Underfull \hbox (badness 10000) in paragraph at lines 485--485
\T1/ptm/m/n/12 (+20) ate
 []


Underfull \hbox (badness 10000) in paragraph at lines 485--485
\T1/ptm/m/n/12 er-ror
 []


Underfull \hbox (badness 10000) in paragraph at lines 485--485
\T1/ptm/m/n/12 (+20) mes-
 []


Underfull \hbox (badness 10000) in paragraph at lines 485--485
[]|\T1/ptm/m/n/12 (+20) No
 []


Underfull \hbox (badness 10000) in paragraph at lines 485--485
\T1/ptm/m/n/12 (+20) data
 []


Overfull \hbox (6.92662pt too wide) in paragraph at lines 485--485
\T1/ptm/m/n/12 (-20) turned| 
 []


Underfull \hbox (badness 10000) in paragraph at lines 485--485
[]|\T1/ptm/m/n/12 (+20) As
 []


Underfull \hbox (badness 10000) in paragraph at lines 485--485
\T1/ptm/m/n/12 (+20) Ex-
 []


Overfull \hbox (7.57333pt too wide) in paragraph at lines 485--485
\T1/ptm/m/n/12 (-20) pected| 
 []


Overfull \hbox (5.62143pt too wide) in paragraph at lines 485--485
\T1/ptm/m/n/12 (-20) phone
 []


Underfull \hbox (badness 10000) in paragraph at lines 485--485
\T1/ptm/m/n/12 (+20) cam-
 []


Underfull \hbox (badness 10000) in paragraph at lines 485--485
\T1/ptm/m/n/12 (+20) era
 []


Underfull \hbox (badness 10000) in paragraph at lines 485--485
\T1/ptm/m/n/12 (-9) mon-
 []


Underfull \hbox (badness 10000) in paragraph at lines 485--485
\T1/ptm/m/n/12 (+20) i-tor-
 []


Underfull \hbox (badness 10000) in paragraph at lines 485--485
\T1/ptm/m/n/12 (+20) ing
 []


Underfull \hbox (badness 10000) in paragraph at lines 485--485
\T1/ptm/m/n/12 (+20) ses-
 []


Overfull \hbox (9.54904pt too wide) in paragraph at lines 485--485
[]|\T1/ptm/m/n/12 (-20) Admin
 []


Overfull \hbox (1.12653pt too wide) in paragraph at lines 485--485
\T1/ptm/m/n/12 (-20) JWT;
 []


Overfull \hbox (5.62143pt too wide) in paragraph at lines 485--485
\T1/ptm/m/n/12 (-20) phone
 []


Overfull \hbox (8.23166pt too wide) in paragraph at lines 485--485
\T1/ptm/m/n/12 (-20) stream
 []


Overfull \hbox (1.1252pt too wide) in paragraph at lines 485--485
\T1/ptm/m/n/12 (-20) avail-
 []


Underfull \hbox (badness 10000) in paragraph at lines 485--485
[]|\T1/ptm/m/n/12 (+20) Call
 []


Overfull \hbox (1.26534pt too wide) in paragraph at lines 485--485
\T1/cmtt/m/n/12 POST
 []


Overfull \hbox (118.253pt too wide) in paragraph at lines 485--485
\T1/cmtt/m/n/12 /phone-monitoring/start
 []


Underfull \hbox (badness 10000) in paragraph at lines 485--485
\T1/ptm/m/n/12 (+20) with
 []


Overfull \hbox (8.23166pt too wide) in paragraph at lines 485--485
\T1/ptm/m/n/12 (-20) stream
 []


Overfull \hbox (23.18123pt too wide) in paragraph at lines 485--485
[]|\T1/cmtt/m/n/12 stream_-
 []


Underfull \hbox (badness 10000) in paragraph at lines 485--485
\T1/cmtt/m/n/12 url\T1/ptm/m/n/12 (+20) :
 []


Overfull \hbox (138.3909pt too wide) in paragraph at lines 485--485
\T1/ptm/m/n/12 (-20) "http://192.168.1.100:8080/video"| 
 []


Overfull \hbox (13.46497pt too wide) in paragraph at lines 485--485
[]|\T1/ptm/m/n/12 (-20) Returns
 []


Underfull \hbox (badness 10000) in paragraph at lines 485--485
\T1/cmtt/m/n/12 200
 []


Underfull \hbox (badness 10000) in paragraph at lines 485--485
\T1/cmtt/m/n/12 OK
 []


Underfull \hbox (badness 10000) in paragraph at lines 485--485
\T1/ptm/m/n/12 (+20) with
 []


Overfull \hbox (29.35472pt too wide) in paragraph at lines 485--485
\T1/cmtt/m/n/12 session_-
 []


Underfull \hbox (badness 10000) in paragraph at lines 485--485
\T1/cmtt/m/n/12 id\T1/ptm/m/n/12 (+20) ,
 []


Overfull \hbox (17.00774pt too wide) in paragraph at lines 485--485
\T1/cmtt/m/n/12 status:
 []


Overfull \hbox (33.88147pt too wide) in paragraph at lines 485--485
\T1/cmtt/m/n/12 "started"\T1/ptm/m/n/12 (-20) ,
 []


Underfull \hbox (badness 10000) in paragraph at lines 485--485
\T1/ptm/m/n/12 (+20) and
 []


Underfull \hbox (badness 10000) in paragraph at lines 485--485
\T1/ptm/m/n/12 (+20) con-
 []


Underfull \hbox (badness 10000) in paragraph at lines 485--485
\T1/ptm/m/n/12 (+20) fir-
 []


Underfull \hbox (badness 10000) in paragraph at lines 485--485
\T1/ptm/m/n/12 (+20) ma-
 []


Underfull \hbox (badness 10000) in paragraph at lines 485--485
\T1/ptm/m/n/12 (+20) tion
 []


Underfull \hbox (badness 10000) in paragraph at lines 485--485
\T1/ptm/m/n/12 (+20) mes-
 []


Overfull \hbox (30.4581pt too wide) in paragraph at lines 485--485
[]|\T1/ptm/m/n/12 (-20) Monitoring
 []


Underfull \hbox (badness 10000) in paragraph at lines 485--485
\T1/ptm/m/n/12 (+20) ses-
 []


Underfull \hbox (badness 10000) in paragraph at lines 485--485
\T1/ptm/m/n/12 (+20) sion
 []


Underfull \hbox (badness 10000) in paragraph at lines 485--485
\T1/ptm/m/n/12 (+20) tive;
 []


Overfull \hbox (8.87852pt too wide) in paragraph at lines 485--485
\T1/ptm/m/n/12 (-20) frames
 []


Underfull \hbox (badness 10000) in paragraph at lines 485--485
\T1/ptm/m/n/12 (+20) are
 []


Underfull \hbox (badness 10000) in paragraph at lines 485--485
\T1/ptm/m/n/12 (+20) be-
 []


Underfull \hbox (badness 10000) in paragraph at lines 485--485
\T1/ptm/m/n/12 (+20) ing
 []


Underfull \hbox (badness 10000) in paragraph at lines 485--485
\T1/ptm/m/n/12 (+20) cap-
 []


Overfull \hbox (1.04662pt too wide) in paragraph at lines 485--485
\T1/ptm/m/n/12 (-20) tured| 
 []


Underfull \hbox (badness 10000) in paragraph at lines 485--485
[]|\T1/ptm/m/n/12 (+20) As
 []


Underfull \hbox (badness 10000) in paragraph at lines 485--485
\T1/ptm/m/n/12 (+20) Ex-
 []


Overfull \hbox (7.57333pt too wide) in paragraph at lines 485--485
\T1/ptm/m/n/12 (-20) pected| 
 []


Overfull \hbox (5.82132pt too wide) in paragraph at lines 485--485
[]|\T1/ptm/m/n/12 (-20) Verify
 []


Overfull \hbox (5.62143pt too wide) in paragraph at lines 485--485
\T1/ptm/m/n/12 (-20) phone
 []


Underfull \hbox (badness 10000) in paragraph at lines 485--485
\T1/ptm/m/n/12 (-9) mon-
 []


Underfull \hbox (badness 10000) in paragraph at lines 485--485
\T1/ptm/m/n/12 (+20) i-tor-
 []


Underfull \hbox (badness 10000) in paragraph at lines 485--485
\T1/ptm/m/n/12 (+20) ing
 []


Underfull \hbox (badness 10000) in paragraph at lines 485--485
\T1/ptm/m/n/12 (+20) ses-
 []


Underfull \hbox (badness 10000) in paragraph at lines 485--485
\T1/ptm/m/n/12 (+20) sion
 []


Underfull \hbox (badness 10000) in paragraph at lines 485--485
\T1/ptm/m/n/12 (+20) sta-
 []


Overfull \hbox (9.54904pt too wide) in paragraph at lines 485--485
[]|\T1/ptm/m/n/12 (-20) Admin
 []


Overfull \hbox (1.12653pt too wide) in paragraph at lines 485--485
\T1/ptm/m/n/12 (-20) JWT;
 []


Underfull \hbox (badness 10000) in paragraph at lines 485--485
\T1/ptm/m/n/12 (+20) ac-
 []


Underfull \hbox (badness 10000) in paragraph at lines 485--485
\T1/ptm/m/n/12 (+20) tive
 []


Underfull \hbox (badness 10000) in paragraph at lines 485--485
\T1/ptm/m/n/12 (-9) mon-
 []


Underfull \hbox (badness 10000) in paragraph at lines 485--485
\T1/ptm/m/n/12 (+20) i-tor-
 []


Underfull \hbox (badness 10000) in paragraph at lines 485--485
\T1/ptm/m/n/12 (+20) ing
 []


Underfull \hbox (badness 10000) in paragraph at lines 485--485
\T1/ptm/m/n/12 (+20) ses-
 []


Underfull \hbox (badness 10000) in paragraph at lines 485--485
\T1/ptm/m/n/12 (+20) sion
 []


Underfull \hbox (badness 10000) in paragraph at lines 485--485
\T1/ptm/m/n/12 (+20) ex-
 []


Underfull \hbox (badness 10000) in paragraph at lines 485--485
[]|\T1/ptm/m/n/12 (+20) Call
 []


Underfull \hbox (badness 10000) in paragraph at lines 485--485
\T1/cmtt/m/n/12 GET
 []


Overfull \hbox (146.03372pt too wide) in paragraph at lines 485--485
\T1/cmtt/m/n/12 /phone-monitoring/{session_-
 []


Overfull \hbox (38.61496pt too wide) in paragraph at lines 485--485
\T1/cmtt/m/n/12 id}/status| 
 []


Overfull \hbox (29.35472pt too wide) in paragraph at lines 485--485
[]|\T1/cmtt/m/n/12 session_-
 []


Underfull \hbox (badness 10000) in paragraph at lines 485--485
\T1/cmtt/m/n/12 id\T1/ptm/m/n/12 (+20) :
 []


Underfull \hbox (badness 10000) in paragraph at lines 485--485
\T1/ptm/m/n/12 (-12) valid
 []


Underfull \hbox (badness 10000) in paragraph at lines 485--485
\T1/ptm/m/n/12 (+20) ses-
 []


Underfull \hbox (badness 10000) in paragraph at lines 485--485
\T1/ptm/m/n/12 (+20) sion
 []


Overfull \hbox (13.46497pt too wide) in paragraph at lines 485--485
[]|\T1/ptm/m/n/12 (-20) Returns
 []


Underfull \hbox (badness 10000) in paragraph at lines 485--485
\T1/cmtt/m/n/12 200
 []


Underfull \hbox (badness 10000) in paragraph at lines 485--485
\T1/cmtt/m/n/12 OK
 []


Underfull \hbox (badness 10000) in paragraph at lines 485--485
\T1/ptm/m/n/12 (+20) with
 []


Underfull \hbox (badness 10000) in paragraph at lines 485--485
\T1/ptm/m/n/12 (+20) ses-
 []


Underfull \hbox (badness 10000) in paragraph at lines 485--485
\T1/ptm/m/n/12 (+20) sion
 []


Underfull \hbox (badness 10000) in paragraph at lines 485--485
\T1/ptm/m/n/12 (+20) sta-
 []


Underfull \hbox (badness 10000) in paragraph at lines 485--485
\T1/ptm/m/n/12 (+20) tus
 []


Underfull \hbox (badness 10000) in paragraph at lines 485--485
\T1/ptm/m/n/12 (+20) in-
 []


Underfull \hbox (badness 10000) in paragraph at lines 485--485
\T1/ptm/m/n/12 (+18) clud-
 []


Underfull \hbox (badness 10000) in paragraph at lines 485--485
\T1/ptm/m/n/12 (+20) ing
 []


Overfull \hbox (8.87852pt too wide) in paragraph at lines 485--485
\T1/ptm/m/n/12 (-20) frames
 []


Underfull \hbox (badness 10000) in paragraph at lines 485--485
\T1/ptm/m/n/12 (+20) cap-
 []


Overfull \hbox (2.48662pt too wide) in paragraph at lines 485--485
\T1/ptm/m/n/12 (-20) tured,
 []


Underfull \hbox (badness 10000) in paragraph at lines 485--485
\T1/ptm/m/n/12 (+20) pro-
 []


Underfull \hbox (badness 10000) in paragraph at lines 485--485
\T1/ptm/m/n/12 (+20) cess-
 []


Underfull \hbox (badness 10000) in paragraph at lines 485--485
\T1/ptm/m/n/12 (+20) ing
 []


Underfull \hbox (badness 10000) in paragraph at lines 485--485
\T1/ptm/m/n/12 (+20) sta-
 []


Underfull \hbox (badness 10000) in paragraph at lines 485--485
\T1/ptm/m/n/12 (+20) tus,
 []


Underfull \hbox (badness 10000) in paragraph at lines 485--485
\T1/ptm/m/n/12 (+20) and
 []


Underfull \hbox (badness 10000) in paragraph at lines 485--485
\T1/ptm/m/n/12 (+20) du-
 []


Underfull \hbox (badness 10000) in paragraph at lines 485--485
\T1/ptm/m/n/12 (+20) ra-
 []


Overfull \hbox (21.95567pt too wide) in paragraph at lines 485--485
[]|\T1/ptm/m/n/12 (-20) Response
 []


Underfull \hbox (badness 10000) in paragraph at lines 485--485
\T1/ptm/m/n/12 (+20) re-
 []


Overfull \hbox (1.70496pt too wide) in paragraph at lines 485--485
\T1/ptm/m/n/12 (-20) flects
 []


Underfull \hbox (badness 10000) in paragraph at lines 485--485
\T1/ptm/m/n/12 (+20) cur-
 []


Underfull \hbox (badness 10000) in paragraph at lines 485--485
\T1/ptm/m/n/12 (+20) rent
 []


Underfull \hbox (badness 10000) in paragraph at lines 485--485
\T1/ptm/m/n/12 (-9) mon-
 []


Underfull \hbox (badness 10000) in paragraph at lines 485--485
\T1/ptm/m/n/12 (+20) i-tor-
 []


Underfull \hbox (badness 10000) in paragraph at lines 485--485
\T1/ptm/m/n/12 (+20) ing
 []


Underfull \hbox (badness 10000) in paragraph at lines 485--485
[]|\T1/ptm/m/n/12 (+20) As
 []


Underfull \hbox (badness 10000) in paragraph at lines 485--485
\T1/ptm/m/n/12 (+20) Ex-
 []


Overfull \hbox (7.57333pt too wide) in paragraph at lines 485--485
\T1/ptm/m/n/12 (-20) pected| 
 []


Underfull \hbox (badness 10000) in paragraph at lines 485--485
[]|\T1/ptm/m/n/12 (+20) Stop
 []


Underfull \hbox (badness 10000) in paragraph at lines 485--485
\T1/ptm/m/n/12 (+20) ac-
 []


Underfull \hbox (badness 10000) in paragraph at lines 485--485
\T1/ptm/m/n/12 (+20) tive
 []


Overfull \hbox (5.62143pt too wide) in paragraph at lines 485--485
\T1/ptm/m/n/12 (-20) phone
 []


Underfull \hbox (badness 10000) in paragraph at lines 485--485
\T1/ptm/m/n/12 (-9) mon-
 []


Underfull \hbox (badness 10000) in paragraph at lines 485--485
\T1/ptm/m/n/12 (+20) i-tor-
 []


Underfull \hbox (badness 10000) in paragraph at lines 485--485
\T1/ptm/m/n/12 (+20) ing
 []


Underfull \hbox (badness 10000) in paragraph at lines 485--485
\T1/ptm/m/n/12 (+20) ses-
 []


Overfull \hbox (9.54904pt too wide) in paragraph at lines 485--485
[]|\T1/ptm/m/n/12 (-20) Admin
 []


Overfull \hbox (1.12653pt too wide) in paragraph at lines 485--485
\T1/ptm/m/n/12 (-20) JWT;
 []


Underfull \hbox (badness 10000) in paragraph at lines 485--485
\T1/ptm/m/n/12 (+20) ac-
 []


Underfull \hbox (badness 10000) in paragraph at lines 485--485
\T1/ptm/m/n/12 (+20) tive
 []


Underfull \hbox (badness 10000) in paragraph at lines 485--485
\T1/ptm/m/n/12 (-9) mon-
 []


Underfull \hbox (badness 10000) in paragraph at lines 485--485
\T1/ptm/m/n/12 (+20) i-tor-
 []


Underfull \hbox (badness 10000) in paragraph at lines 485--485
\T1/ptm/m/n/12 (+20) ing
 []


Underfull \hbox (badness 10000) in paragraph at lines 485--485
\T1/ptm/m/n/12 (+20) ses-
 []


Underfull \hbox (badness 10000) in paragraph at lines 485--485
\T1/ptm/m/n/12 (+20) sion
 []


Underfull \hbox (badness 10000) in paragraph at lines 485--485
\T1/ptm/m/n/12 (+20) ex-
 []


Underfull \hbox (badness 10000) in paragraph at lines 485--485
[]|\T1/ptm/m/n/12 (+20) Call
 []


Overfull \hbox (1.26534pt too wide) in paragraph at lines 485--485
\T1/cmtt/m/n/12 POST
 []


Overfull \hbox (146.03372pt too wide) in paragraph at lines 485--485
\T1/cmtt/m/n/12 /phone-monitoring/{session_-
 []


Overfull \hbox (26.26797pt too wide) in paragraph at lines 485--485
\T1/cmtt/m/n/12 id}/stop| 
 []


Overfull \hbox (29.35472pt too wide) in paragraph at lines 485--485
[]|\T1/cmtt/m/n/12 session_-
 []


Underfull \hbox (badness 10000) in paragraph at lines 485--485
\T1/cmtt/m/n/12 id\T1/ptm/m/n/12 (+20) :
 []


Underfull \hbox (badness 10000) in paragraph at lines 485--485
\T1/ptm/m/n/12 (-12) valid
 []


Underfull \hbox (badness 10000) in paragraph at lines 485--485
\T1/ptm/m/n/12 (+20) ses-
 []


Underfull \hbox (badness 10000) in paragraph at lines 485--485
\T1/ptm/m/n/12 (+20) sion
 []


Overfull \hbox (13.46497pt too wide) in paragraph at lines 485--485
[]|\T1/ptm/m/n/12 (-20) Returns
 []


Underfull \hbox (badness 10000) in paragraph at lines 485--485
\T1/cmtt/m/n/12 200
 []


Underfull \hbox (badness 10000) in paragraph at lines 485--485
\T1/cmtt/m/n/12 OK
 []


Underfull \hbox (badness 10000) in paragraph at lines 485--485
\T1/ptm/m/n/12 (+20) with
 []


Overfull \hbox (17.00774pt too wide) in paragraph at lines 485--485
\T1/cmtt/m/n/12 status:
 []


Overfull \hbox (32.44147pt too wide) in paragraph at lines 485--485
\T1/cmtt/m/n/12 "stopped"
 []


Underfull \hbox (badness 10000) in paragraph at lines 485--485
\T1/ptm/m/n/12 (+20) and
 []


Underfull \hbox (badness 10000) in paragraph at lines 485--485
\T1/ptm/m/n/12 (+20) con-
 []


Underfull \hbox (badness 10000) in paragraph at lines 485--485
\T1/ptm/m/n/12 (+20) fir-
 []


Underfull \hbox (badness 10000) in paragraph at lines 485--485
\T1/ptm/m/n/12 (+20) ma-
 []


Underfull \hbox (badness 10000) in paragraph at lines 485--485
\T1/ptm/m/n/12 (+20) tion
 []


Underfull \hbox (badness 10000) in paragraph at lines 485--485
\T1/ptm/m/n/12 (+20) mes-
 []


Overfull \hbox (30.4581pt too wide) in paragraph at lines 485--485
[]|\T1/ptm/m/n/12 (-20) Monitoring
 []


Underfull \hbox (badness 10000) in paragraph at lines 485--485
\T1/ptm/m/n/12 (+20) ses-
 []


Underfull \hbox (badness 10000) in paragraph at lines 485--485
\T1/ptm/m/n/12 (+20) sion
 []


Underfull \hbox (badness 10000) in paragraph at lines 485--485
\T1/ptm/m/n/12 (+20) is
 []


Underfull \hbox (badness 10000) in paragraph at lines 485--485
\T1/ptm/m/n/12 (+20) ter-
 []


Underfull \hbox (badness 10000) in paragraph at lines 485--485
\T1/ptm/m/n/12 (+20) mi-
 []


Overfull \hbox (4.62512pt too wide) in paragraph at lines 485--485
\T1/ptm/m/n/12 (-20) nated;
 []


Underfull \hbox (badness 10000) in paragraph at lines 485--485
\T1/ptm/m/n/12 (+20) no
 []


Underfull \hbox (badness 10000) in paragraph at lines 485--485
\T1/ptm/m/n/12 (+20) fur-
 []


Underfull \hbox (badness 10000) in paragraph at lines 485--485
\T1/ptm/m/n/12 (+20) ther
 []


Overfull \hbox (8.87852pt too wide) in paragraph at lines 485--485
\T1/ptm/m/n/12 (-20) frames
 []


Underfull \hbox (badness 10000) in paragraph at lines 485--485
\T1/ptm/m/n/12 (+20) cap-
 []


Overfull \hbox (1.04662pt too wide) in paragraph at lines 485--485
\T1/ptm/m/n/12 (-20) tured| 
 []


Underfull \hbox (badness 10000) in paragraph at lines 485--485
[]|\T1/ptm/m/n/12 (+20) As
 []


Underfull \hbox (badness 10000) in paragraph at lines 485--485
\T1/ptm/m/n/12 (+20) Ex-
 []


Overfull \hbox (7.57333pt too wide) in paragraph at lines 485--485
\T1/ptm/m/n/12 (-20) pected| 
 []


Overfull \hbox (10.84264pt too wide) in paragraph at lines 485--485
[]|\T1/ptm/m/n/12 (-20) Handle
 []


Underfull \hbox (badness 10000) in paragraph at lines 485--485
\T1/ptm/m/n/12 (+20) in-
 []


Underfull \hbox (badness 10000) in paragraph at lines 485--485
\T1/ptm/m/n/12 (-12) valid
 []


Overfull \hbox (8.23166pt too wide) in paragraph at lines 485--485
\T1/ptm/m/n/12 (-20) stream
 []


Underfull \hbox (badness 10000) in paragraph at lines 485--485
\T1/ptm/m/n/12 (+20) in
 []


Overfull \hbox (5.62143pt too wide) in paragraph at lines 485--485
\T1/ptm/m/n/12 (-20) phone
 []


Underfull \hbox (badness 10000) in paragraph at lines 485--485
\T1/ptm/m/n/12 (-9) mon-
 []


Underfull \hbox (badness 10000) in paragraph at lines 485--485
\T1/ptm/m/n/12 (+20) i-tor-
 []


Overfull \hbox (9.54904pt too wide) in paragraph at lines 485--485
[]|\T1/ptm/m/n/12 (-20) Admin
 []


Underfull \hbox (badness 10000) in paragraph at lines 485--485
[]|\T1/ptm/m/n/12 (+20) Call
 []


Overfull \hbox (1.26534pt too wide) in paragraph at lines 485--485
\T1/cmtt/m/n/12 POST
 []


Overfull \hbox (118.253pt too wide) in paragraph at lines 485--485
\T1/cmtt/m/n/12 /phone-monitoring/start
 []


Underfull \hbox (badness 10000) in paragraph at lines 485--485
\T1/ptm/m/n/12 (+20) with
 []


Underfull \hbox (badness 10000) in paragraph at lines 485--485
\T1/ptm/m/n/12 (+20) in-
 []


Underfull \hbox (badness 10000) in paragraph at lines 485--485
\T1/ptm/m/n/12 (-12) valid
 []


Overfull \hbox (23.18123pt too wide) in paragraph at lines 485--485
[]|\T1/cmtt/m/n/12 stream_-
 []


Underfull \hbox (badness 10000) in paragraph at lines 485--485
\T1/cmtt/m/n/12 url\T1/ptm/m/n/12 (+20) :
 []


Overfull \hbox (43.59692pt too wide) in paragraph at lines 485--485
\T1/ptm/m/n/12 (-20) "http://invalid-
 []


Overfull \hbox (50.93217pt too wide) in paragraph at lines 485--485
\T1/ptm/m/n/12 (-20) url:8080/video"| 
 []


Overfull \hbox (13.46497pt too wide) in paragraph at lines 485--485
[]|\T1/ptm/m/n/12 (-20) Returns
 []


Underfull \hbox (badness 10000) in paragraph at lines 485--485
\T1/cmtt/m/n/12 400
 []


Underfull \hbox (badness 10000) in paragraph at lines 485--485
\T1/cmtt/m/n/12 Bad
 []


Overfull \hbox (20.09448pt too wide) in paragraph at lines 485--485
\T1/cmtt/m/n/12 Request
 []


Underfull \hbox (badness 10000) in paragraph at lines 485--485
\T1/ptm/m/n/12 (+20) or
 []


Underfull \hbox (badness 10000) in paragraph at lines 485--485
\T1/ptm/m/n/12 (+20) con-
 []


Underfull \hbox (badness 10000) in paragraph at lines 485--485
\T1/ptm/m/n/12 (+20) nec-
 []


Underfull \hbox (badness 10000) in paragraph at lines 485--485
\T1/ptm/m/n/12 (+20) tion
 []


Underfull \hbox (badness 10000) in paragraph at lines 485--485
\T1/ptm/m/n/12 er-ror
 []


Underfull \hbox (badness 10000) in paragraph at lines 485--485
\T1/ptm/m/n/12 (+20) in-di-
 []


Underfull \hbox (badness 10000) in paragraph at lines 485--485
\T1/ptm/m/n/12 (+20) cat-
 []


Underfull \hbox (badness 10000) in paragraph at lines 485--485
\T1/ptm/m/n/12 (+20) ing
 []


Underfull \hbox (badness 10000) in paragraph at lines 485--485
\T1/ptm/m/n/12 (+20) in-
 []


Underfull \hbox (badness 10000) in paragraph at lines 485--485
\T1/ptm/m/n/12 (-12) valid
 []


Overfull \hbox (8.23166pt too wide) in paragraph at lines 485--485
\T1/ptm/m/n/12 (-20) stream
 []


Underfull \hbox (badness 10000) in paragraph at lines 485--485
[]|\T1/ptm/m/n/12 (+20) No
 []


Underfull \hbox (badness 10000) in paragraph at lines 485--485
\T1/ptm/m/n/12 (-9) mon-
 []


Underfull \hbox (badness 10000) in paragraph at lines 485--485
\T1/ptm/m/n/12 (+20) i-tor-
 []


Underfull \hbox (badness 10000) in paragraph at lines 485--485
\T1/ptm/m/n/12 (+20) ing
 []


Underfull \hbox (badness 10000) in paragraph at lines 485--485
\T1/ptm/m/n/12 (+20) ses-
 []


Underfull \hbox (badness 10000) in paragraph at lines 485--485
\T1/ptm/m/n/12 (+20) sion
 []


Underfull \hbox (badness 10000) in paragraph at lines 485--485
\T1/ptm/m/n/12 (+20) is
 []


Underfull \hbox (badness 10000) in paragraph at lines 485--485
\T1/ptm/m/n/12 (+20) cre-
 []


Underfull \hbox (badness 10000) in paragraph at lines 485--485
[]|\T1/ptm/m/n/12 (+20) As
 []


Underfull \hbox (badness 10000) in paragraph at lines 485--485
\T1/ptm/m/n/12 (+20) Ex-
 []


Overfull \hbox (7.57333pt too wide) in paragraph at lines 485--485
\T1/ptm/m/n/12 (-20) pected| 
 []


Overfull \hbox (5.82132pt too wide) in paragraph at lines 485--485
[]|\T1/ptm/m/n/12 (-20) Verify
 []


Overfull \hbox (8.23166pt too wide) in paragraph at lines 485--485
\T1/ptm/m/n/12 (-20) stream
 []


Overfull \hbox (3.89609pt too wide) in paragraph at lines 485--485
\T1/ptm/m/n/12 (-20) proxy
 []


Underfull \hbox (badness 10000) in paragraph at lines 485--485
\T1/ptm/m/n/12 (+20) end-
 []


Overfull \hbox (1.05838pt too wide) in paragraph at lines 485--485
\T1/ptm/m/n/12 (-20) point| 
 []


Overfull \hbox (9.54904pt too wide) in paragraph at lines 485--485
[]|\T1/ptm/m/n/12 (-20) Admin
 []


Overfull \hbox (1.12653pt too wide) in paragraph at lines 485--485
\T1/ptm/m/n/12 (-20) JWT;
 []


Underfull \hbox (badness 10000) in paragraph at lines 485--485
\T1/ptm/m/n/12 (-12) valid
 []


Underfull \hbox (badness 10000) in paragraph at lines 485--485
\T1/ptm/m/n/12 (+20) cam-
 []


Underfull \hbox (badness 10000) in paragraph at lines 485--485
\T1/ptm/m/n/12 (+20) era
 []


Overfull \hbox (8.23166pt too wide) in paragraph at lines 485--485
\T1/ptm/m/n/12 (-20) stream
 []


Underfull \hbox (badness 10000) in paragraph at lines 485--485
\T1/ptm/m/n/12 (+20) ex-
 []


Underfull \hbox (badness 10000) in paragraph at lines 485--485
[]|\T1/ptm/m/n/12 (+20) Call
 []


Underfull \hbox (badness 10000) in paragraph at lines 485--485
\T1/cmtt/m/n/12 GET
 []


Overfull \hbox (213.94214pt too wide) in paragraph at lines 485--485
\T1/cmtt/m/n/12 /monitoring/stream-proxy?url={encoded_-
 []


Overfull \hbox (1.574pt too wide) in paragraph at lines 485--485
\T1/cmtt/m/n/12 url}| 
 []


Underfull \hbox (badness 10000) in paragraph at lines 485--485
[]|\T1/cmtt/m/n/12 url\T1/ptm/m/n/12 (+20) :
 []


Underfull \hbox (badness 10000) in paragraph at lines 485--485
\T1/ptm/m/n/12 (-12) valid
 []


Underfull \hbox (badness 10000) in paragraph at lines 485--485
\T1/ptm/m/n/12 (+20) en-
 []


Overfull \hbox (4.9628pt too wide) in paragraph at lines 485--485
\T1/ptm/m/n/12 (-20) coded
 []


Overfull \hbox (8.23166pt too wide) in paragraph at lines 485--485
\T1/ptm/m/n/12 (-20) stream
 []


Overfull \hbox (13.46497pt too wide) in paragraph at lines 485--485
[]|\T1/ptm/m/n/12 (-20) Returns
 []


Underfull \hbox (badness 10000) in paragraph at lines 485--485
\T1/ptm/m/n/12 (+20) ied
 []


Overfull \hbox (8.23166pt too wide) in paragraph at lines 485--485
\T1/ptm/m/n/12 (-20) stream
 []


Underfull \hbox (badness 10000) in paragraph at lines 485--485
\T1/ptm/m/n/12 (+20) or
 []


Underfull \hbox (badness 10000) in paragraph at lines 485--485
\T1/ptm/m/n/12 (+20) redi-
 []


Underfull \hbox (badness 10000) in paragraph at lines 485--485
\T1/ptm/m/n/12 (+20) rects
 []


Underfull \hbox (badness 10000) in paragraph at lines 485--485
\T1/ptm/m/n/12 (+20) to
 []


Overfull \hbox (8.23166pt too wide) in paragraph at lines 485--485
\T1/ptm/m/n/12 (-20) stream
 []


Overfull \hbox (7.57335pt too wide) in paragraph at lines 485--485
\T1/ptm/m/n/12 (-20) source| 
 []


Overfull \hbox (10.19562pt too wide) in paragraph at lines 485--485
[]|\T1/ptm/m/n/12 (-20) Stream
 []


Underfull \hbox (badness 10000) in paragraph at lines 485--485
\T1/ptm/m/n/12 (+20) ces-
 []


Overfull \hbox (13.46526pt too wide) in paragraph at lines 485--485
\T1/ptm/m/n/12 (-20) through
 []


Overfull \hbox (4.31609pt too wide) in paragraph at lines 485--485
\T1/ptm/m/n/12 (-20) proxy| 
 []


Underfull \hbox (badness 10000) in paragraph at lines 485--485
[]|\T1/ptm/m/n/12 (+20) As
 []


Underfull \hbox (badness 10000) in paragraph at lines 485--485
\T1/ptm/m/n/12 (+20) Ex-
 []


Overfull \hbox (7.57333pt too wide) in paragraph at lines 485--485
\T1/ptm/m/n/12 (-20) pected| 
 []


Overfull \hbox (5.82132pt too wide) in paragraph at lines 485--485
[]|\T1/ptm/m/n/12 (-20) Verify
 []


Underfull \hbox (badness 10000) in paragraph at lines 485--485
\T1/ptm/m/n/12 (+20) cam-
 []


Underfull \hbox (badness 10000) in paragraph at lines 485--485
\T1/ptm/m/n/12 (+20) era
 []


Underfull \hbox (badness 10000) in paragraph at lines 485--485
\T1/ptm/m/n/12 (+20) feed
 []


Underfull \hbox (badness 10000) in paragraph at lines 485--485
\T1/ptm/m/n/12 (+20) dis-
 []


Overfull \hbox (1.70511pt too wide) in paragraph at lines 485--485
\T1/ptm/m/n/12 (-20) plays
 []


Underfull \hbox (badness 10000) in paragraph at lines 485--485
\T1/ptm/m/n/12 (+20) in
 []


Overfull \hbox (1.6653pt too wide) in paragraph at lines 485--485
\T1/ptm/m/n/12 (-20) front-
 []


Overfull \hbox (9.54904pt too wide) in paragraph at lines 485--485
[]|\T1/ptm/m/n/12 (-20) Admin
 []


Overfull \hbox (8.8906pt too wide) in paragraph at lines 485--485
\T1/ptm/m/n/12 (-20) logged
 []


Underfull \hbox (badness 10000) in paragraph at lines 485--485
\T1/ptm/m/n/12 (+20) in;
 []


Underfull \hbox (badness 10000) in paragraph at lines 485--485
\T1/ptm/m/n/12 (-9) mon-
 []


Underfull \hbox (badness 10000) in paragraph at lines 485--485
\T1/ptm/m/n/12 (+20) i-tor-
 []


Underfull \hbox (badness 10000) in paragraph at lines 485--485
\T1/ptm/m/n/12 (+20) ing
 []


Underfull \hbox (badness 10000) in paragraph at lines 485--485
\T1/ptm/m/n/12 (+20) page
 []


Overfull \hbox (8.23196pt too wide) in paragraph at lines 485--485
\T1/ptm/m/n/12 (-20) loaded| 
 []


Overfull \hbox (19.03331pt too wide) in paragraph at lines 485--485
[]|\T1/ptm/m/n/12 (-20) Navigate
 []


Underfull \hbox (badness 10000) in paragraph at lines 485--485
\T1/ptm/m/n/12 (+20) to
 []


Overfull \hbox (1.01859pt too wide) in paragraph at lines 485--485
\T1/ptm/m/n/12 (-20) Mon-
 []


Underfull \hbox (badness 10000) in paragraph at lines 485--485
\T1/ptm/m/n/12 (+20) i-tor-
 []


Underfull \hbox (badness 10000) in paragraph at lines 485--485
\T1/ptm/m/n/12 (+20) ing
 []


Underfull \hbox (badness 10000) in paragraph at lines 485--485
\T1/ptm/m/n/12 (+20) page
 []


Underfull \hbox (badness 10000) in paragraph at lines 485--485
\T1/ptm/m/n/12 (+20) and
 []


Underfull \hbox (badness 10000) in paragraph at lines 485--485
\T1/ptm/m/n/12 (+20) se-
 []


Underfull \hbox (badness 10000) in paragraph at lines 485--485
\T1/ptm/m/n/12 (+20) lect
 []


Underfull \hbox (badness 10000) in paragraph at lines 485--485
\T1/ptm/m/n/12 (+20) a
 []


Underfull \hbox (badness 10000) in paragraph at lines 485--485
\T1/ptm/m/n/12 (+20) cam-
 []


Overfull \hbox (13.45317pt too wide) in paragraph at lines 485--485
[]|\T1/ptm/m/n/12 (-20) Camera
 []


Underfull \hbox (badness 10000) in paragraph at lines 485--485
\T1/ptm/m/n/12 (+20) feed
 []


Underfull \hbox (badness 10000) in paragraph at lines 485--485
\T1/ptm/m/n/12 (+20) with
 []


Underfull \hbox (badness 10000) in paragraph at lines 485--485
\T1/ptm/m/n/12 (-12) valid
 []


Overfull \hbox (23.18123pt too wide) in paragraph at lines 485--485
\T1/cmtt/m/n/12 stream_-
 []


Overfull \hbox (13.45317pt too wide) in paragraph at lines 485--485
[]|\T1/ptm/m/n/12 (-20) Camera
 []


Underfull \hbox (badness 10000) in paragraph at lines 485--485
\T1/ptm/m/n/12 (+20) feed
 []


Underfull \hbox (badness 10000) in paragraph at lines 485--485
\T1/ptm/m/n/12 (+20) dis-
 []


Overfull \hbox (1.70511pt too wide) in paragraph at lines 485--485
\T1/ptm/m/n/12 (-20) plays
 []


Underfull \hbox (badness 10000) in paragraph at lines 485--485
\T1/ptm/m/n/12 (+20) in
 []


Overfull \hbox (20.3221pt too wide) in paragraph at lines 485--485
\T1/ptm/m/n/12 (-20) video/im-
 []


Underfull \hbox (badness 10000) in paragraph at lines 485--485
\T1/ptm/m/n/12 (+20) age
 []


Underfull \hbox (badness 10000) in paragraph at lines 485--485
\T1/ptm/m/n/12 (+20) el-e-
 []


Overfull \hbox (2.6729pt too wide) in paragraph at lines 485--485
\T1/ptm/m/n/12 (-20) ment;
 []


Underfull \hbox (badness 10000) in paragraph at lines 485--485
\T1/ptm/m/n/12 (+20) sta-
 []


Underfull \hbox (badness 10000) in paragraph at lines 485--485
\T1/ptm/m/n/12 (+20) tus
 []


Underfull \hbox (badness 10000) in paragraph at lines 485--485
\T1/ptm/m/n/12 (+20) in-di-
 []


Underfull \hbox (badness 10000) in paragraph at lines 485--485
\T1/ptm/m/n/12 (+20) ca-
 []


Underfull \hbox (badness 10000) in paragraph at lines 485--485
\T1/ptm/m/n/12 (+20) tor
 []


Overfull \hbox (5.97977pt too wide) in paragraph at lines 485--485
\T1/ptm/m/n/12 (-20) shows
 []


Underfull \hbox (badness 10000) in paragraph at lines 485--485
\T1/ptm/m/n/12 (+20) ac-
 []


Overfull \hbox (2.50221pt too wide) in paragraph at lines 485--485
\T1/ptm/m/n/12 (-20) tive/i-
 []


Underfull \hbox (badness 10000) in paragraph at lines 485--485
\T1/ptm/m/n/12 (+20) n-ac-
 []


Underfull \hbox (badness 10000) in paragraph at lines 485--485
[]|\T1/ptm/m/n/12 (+20) UI
 []


Underfull \hbox (badness 10000) in paragraph at lines 485--485
\T1/ptm/m/n/12 (+20) cor-
 []


Overfull \hbox (3.23715pt too wide) in paragraph at lines 485--485
\T1/ptm/m/n/12 (-20) rectly
 []


Underfull \hbox (badness 10000) in paragraph at lines 485--485
\T1/ptm/m/n/12 (+20) ren-
 []


Underfull \hbox (badness 10000) in paragraph at lines 485--485
\T1/ptm/m/n/12 (+20) ders
 []


Underfull \hbox (badness 10000) in paragraph at lines 485--485
\T1/ptm/m/n/12 (+20) cam-
 []


Underfull \hbox (badness 10000) in paragraph at lines 485--485
\T1/ptm/m/n/12 (+20) era
 []


Overfull \hbox (8.23166pt too wide) in paragraph at lines 485--485
\T1/ptm/m/n/12 (-20) stream| 
 []


Underfull \hbox (badness 10000) in paragraph at lines 485--485
[]|\T1/ptm/m/n/12 (+20) As
 []


Underfull \hbox (badness 10000) in paragraph at lines 485--485
\T1/ptm/m/n/12 (+20) Ex-
 []


Overfull \hbox (7.57333pt too wide) in paragraph at lines 485--485
\T1/ptm/m/n/12 (-20) pected| 
 []


Overfull \hbox (10.84264pt too wide) in paragraph at lines 485--485
[]|\T1/ptm/m/n/12 (-20) Handle
 []


Underfull \hbox (badness 10000) in paragraph at lines 485--485
\T1/ptm/m/n/12 (+20) cam-
 []


Underfull \hbox (badness 10000) in paragraph at lines 485--485
\T1/ptm/m/n/12 (+20) era
 []


Underfull \hbox (badness 10000) in paragraph at lines 485--485
\T1/ptm/m/n/12 (+20) feed
 []


Underfull \hbox (badness 10000) in paragraph at lines 485--485
\T1/ptm/m/n/12 (+20) with
 []


Underfull \hbox (badness 10000) in paragraph at lines 485--485
\T1/ptm/m/n/12 (+20) no
 []


Overfull \hbox (8.23166pt too wide) in paragraph at lines 485--485
\T1/ptm/m/n/12 (-20) stream
 []


Overfull \hbox (9.54904pt too wide) in paragraph at lines 485--485
[]|\T1/ptm/m/n/12 (-20) Admin
 []


Overfull \hbox (8.8906pt too wide) in paragraph at lines 485--485
\T1/ptm/m/n/12 (-20) logged
 []


Underfull \hbox (badness 10000) in paragraph at lines 485--485
\T1/ptm/m/n/12 (+20) in;
 []


Overfull \hbox (1.70523pt too wide) in paragraph at lines 485--485
\T1/ptm/m/n/12 (-20) room
 []


Underfull \hbox (badness 10000) in paragraph at lines 485--485
\T1/ptm/m/n/12 (+20) ex-
 []


Underfull \hbox (badness 10000) in paragraph at lines 485--485
\T1/ptm/m/n/12 (+20) ists
 []


Underfull \hbox (badness 10000) in paragraph at lines 485--485
\T1/ptm/m/n/12 (+8) with-
 []


Underfull \hbox (badness 10000) in paragraph at lines 485--485
\T1/ptm/m/n/12 (+20) out
 []


Overfull \hbox (8.23166pt too wide) in paragraph at lines 485--485
\T1/ptm/m/n/12 (-20) stream
 []


Overfull \hbox (19.03331pt too wide) in paragraph at lines 485--485
[]|\T1/ptm/m/n/12 (-20) Navigate
 []


Underfull \hbox (badness 10000) in paragraph at lines 485--485
\T1/ptm/m/n/12 (+20) to
 []


Overfull \hbox (1.01859pt too wide) in paragraph at lines 485--485
\T1/ptm/m/n/12 (-20) Mon-
 []


Underfull \hbox (badness 10000) in paragraph at lines 485--485
\T1/ptm/m/n/12 (+20) i-tor-
 []


Underfull \hbox (badness 10000) in paragraph at lines 485--485
\T1/ptm/m/n/12 (+20) ing
 []


Overfull \hbox (1.35596pt too wide) in paragraph at lines 485--485
\T1/ptm/m/n/12 (-20) page;
 []


Underfull \hbox (badness 10000) in paragraph at lines 485--485
\T1/ptm/m/n/12 (+20) se-
 []


Underfull \hbox (badness 10000) in paragraph at lines 485--485
\T1/ptm/m/n/12 (+20) lect
 []


Underfull \hbox (badness 10000) in paragraph at lines 485--485
\T1/ptm/m/n/12 (+20) cam-
 []


Underfull \hbox (badness 10000) in paragraph at lines 485--485
\T1/ptm/m/n/12 (+20) era
 []


Underfull \hbox (badness 10000) in paragraph at lines 485--485
\T1/ptm/m/n/12 (+8) with-
 []


Underfull \hbox (badness 10000) in paragraph at lines 485--485
\T1/ptm/m/n/12 (+20) out
 []


Overfull \hbox (23.18123pt too wide) in paragraph at lines 485--485
\T1/cmtt/m/n/12 stream_-
 []


Overfull \hbox (13.45317pt too wide) in paragraph at lines 485--485
[]|\T1/ptm/m/n/12 (-20) Camera
 []


Underfull \hbox (badness 10000) in paragraph at lines 485--485
\T1/ptm/m/n/12 (+20) with
 []


Overfull \hbox (23.18123pt too wide) in paragraph at lines 485--485
\T1/cmtt/m/n/12 stream_-
 []


Underfull \hbox (badness 10000) in paragraph at lines 485--485
\T1/cmtt/m/n/12 url\T1/ptm/m/n/12 (+20) :
 []


Underfull \hbox (badness 10000) in paragraph at lines 485--485
[]|\T1/ptm/m/n/12 (+20) UI
 []


Underfull \hbox (badness 10000) in paragraph at lines 485--485
\T1/ptm/m/n/12 (+20) dis-
 []


Overfull \hbox (1.70511pt too wide) in paragraph at lines 485--485
\T1/ptm/m/n/12 (-20) plays
 []


Overfull \hbox (3.61736pt too wide) in paragraph at lines 485--485
\T1/ptm/m/n/12 (-20) place-
 []


Overfull \hbox (6.72263pt too wide) in paragraph at lines 485--485
\T1/ptm/m/n/12 (-20) holder
 []


Underfull \hbox (badness 10000) in paragraph at lines 485--485
\T1/ptm/m/n/12 (+20) mes-
 []


Underfull \hbox (badness 10000) in paragraph at lines 485--485
\T1/ptm/m/n/12 (+20) sage
 []


Underfull \hbox (badness 10000) in paragraph at lines 485--485
\T1/ptm/m/n/12 (+20) ``No
 []


Overfull \hbox (8.23166pt too wide) in paragraph at lines 485--485
\T1/ptm/m/n/12 (-20) stream
 []


Underfull \hbox (badness 10000) in paragraph at lines 485--485
\T1/ptm/m/n/12 (+20) con-
 []


Underfull \hbox (badness 10000) in paragraph at lines 485--485
\T1/ptm/m/n/12 (+20) fig-
 []


Overfull \hbox (0.86282pt too wide) in paragraph at lines 485--485
\T1/ptm/m/n/12 (-20) ured''
 []


Underfull \hbox (badness 10000) in paragraph at lines 485--485
\T1/ptm/m/n/12 (+20) in-
 []


Overfull \hbox (1.04648pt too wide) in paragraph at lines 485--485
\T1/ptm/m/n/12 (-20) stead
 []


Underfull \hbox (badness 10000) in paragraph at lines 485--485
\T1/ptm/m/n/12 (+20) of
 []


Overfull \hbox (2.71059pt too wide) in paragraph at lines 485--485
\T1/ptm/m/n/12 (-20) video
 []


Underfull \hbox (badness 10000) in paragraph at lines 485--485
\T1/ptm/m/n/12 (+20) el-e-
 []


Underfull \hbox (badness 10000) in paragraph at lines 485--485
[]|\T1/ptm/m/n/12 (+20) UI
 []


Underfull \hbox (badness 10000) in paragraph at lines 485--485
\T1/ptm/m/n/12 (+20) han-
 []


Underfull \hbox (badness 10000) in paragraph at lines 485--485
\T1/ptm/m/n/12 (+20) dles
 []


Underfull \hbox (badness 10000) in paragraph at lines 485--485
\T1/ptm/m/n/12 (+20) ing
 []


Overfull \hbox (8.23166pt too wide) in paragraph at lines 485--485
\T1/ptm/m/n/12 (-20) stream
 []


Overfull \hbox (4.26422pt too wide) in paragraph at lines 485--485
\T1/ptm/m/n/12 (-20) grace-
 []


Underfull \hbox (badness 10000) in paragraph at lines 485--485
[]|\T1/ptm/m/n/12 (+20) As
 []


Underfull \hbox (badness 10000) in paragraph at lines 485--485
\T1/ptm/m/n/12 (+20) Ex-
 []


Overfull \hbox (7.57333pt too wide) in paragraph at lines 485--485
\T1/ptm/m/n/12 (-20) pected| 
 []


Underfull \vbox (badness 10000) has occurred while \output is active []



[61]
Overfull \vbox (3000.22221pt too high) has occurred while \output is active []



[62]) (thesis.bbl)

[63



]
\openout2 = `appendix.aux'.

 (appendix.tex
Appendix A.
<images/usecaseexample.png, id=1056, 735.49782pt x 304.88907pt>
File: images/usecaseexample.png Graphic file (type png)
<use images/usecaseexample.png>
Package pdftex.def Info: images/usecaseexample.png  used on input line 7.
(pdftex.def)             Requested size: 426.79135pt x 176.92416pt.
<images/detailusecase.png, id=1057, 545.03625pt x 433.62pt>
File: images/detailusecase.png Graphic file (type png)
<use images/detailusecase.png>
Package pdftex.def Info: images/detailusecase.png  used on input line 15.
(pdftex.def)             Requested size: 426.79135pt x 339.54553pt.

Underfull \vbox (badness 10000) has occurred while \output is active []



[64


 <./images/usecaseexample.png>]
<images/eventresponsetable.png, id=1063, 472.01344pt x 536.0025pt>
File: images/eventresponsetable.png Graphic file (type png)
<use images/eventresponsetable.png>
Package pdftex.def Info: images/eventresponsetable.png  used on input line 23.
(pdftex.def)             Requested size: 426.79135pt x 484.65512pt.

Underfull \vbox (badness 10000) has occurred while \output is active []



[65 <./images/detailusecase.png>]
<images/storyboard.png, id=1069, 497.60907pt x 436.63126pt>
File: images/storyboard.png Graphic file (type png)
<use images/storyboard.png>
Package pdftex.def Info: images/storyboard.png  used on input line 31.
(pdftex.def)             Requested size: 426.79135pt x 374.49619pt.

Underfull \vbox (badness 10000) has occurred while \output is active []



[66 <./images/eventresponsetable.png>]
<images/domainmodel.png, id=1075, 563.10374pt x 532.23843pt>
File: images/domainmodel.png Graphic file (type png)
<use images/domainmodel.png>
Package pdftex.def Info: images/domainmodel.png  used on input line 41.
(pdftex.def)             Requested size: 426.79135pt x 403.40091pt.

Underfull \vbox (badness 10000) has occurred while \output is active []



[67 <./images/storyboard.png>]
<images/boxandline.png, id=1081, 340.27126pt x 213.04594pt>
File: images/boxandline.png Graphic file (type png)
<use images/boxandline.png>
Package pdftex.def Info: images/boxandline.png  used on input line 52.
(pdftex.def)             Requested size: 426.79135pt x 267.22998pt.

Underfull \vbox (badness 10000) has occurred while \output is active []



[68 <./images/domainmodel.png>]
<images/Architecturepattern.png, id=1088, 509.65407pt x 382.42876pt>
File: images/Architecturepattern.png Graphic file (type png)
<use images/Architecturepattern.png>
Package pdftex.def Info: images/Architecturepattern.png  used on input line 60.
(pdftex.def)             Requested size: 426.79135pt x 320.26344pt.

Underfull \vbox (badness 10000) has occurred while \output is active []



[69 <./images/boxandline.png>]
<images/activityexample.png, id=1094, 709.90219pt x 429.10312pt>
File: images/activityexample.png Graphic file (type png)
<use images/activityexample.png>
Package pdftex.def Info: images/activityexample.png  used on input line 71.
(pdftex.def)             Requested size: 426.79135pt x 257.98111pt.

Underfull \vbox (badness 10000) has occurred while \output is active []



[70 <./images/Architecturepattern.png>]
<images/classexample.png, id=1100, 551.05875pt x 525.46312pt>
File: images/classexample.png Graphic file (type png)
<use images/classexample.png>
Package pdftex.def Info: images/classexample.png  used on input line 80.
(pdftex.def)             Requested size: 426.79135pt x 406.98116pt.

Underfull \vbox (badness 10000) has occurred while \output is active []



[71 <./images/activityexample.png>]
<images/sequenceexample.png, id=1106, 578.16pt x 312.41719pt>
File: images/sequenceexample.png Graphic file (type png)
<use images/sequenceexample.png>
Package pdftex.def Info: images/sequenceexample.png  used on input line 88.
(pdftex.def)             Requested size: 426.79135pt x 230.62257pt.

Underfull \vbox (badness 10000) has occurred while \output is active []



[72 <./images/classexample.png>]
<images/statetransitionexample.png, id=1112, 520.19344pt x 263.48438pt>
File: images/statetransitionexample.png Graphic file (type png)
<use images/statetransitionexample.png>
Package pdftex.def Info: images/statetransitionexample.png  used on input line 96.
(pdftex.def)             Requested size: 426.79135pt x 216.17517pt.


pdfTeX warning: pdflatex (file ./DFD.pdf): PDF inclusion: found PDF version <1.7>, but at most version <1.5> allowed
<DFD.pdf, id=1113, 614.295pt x 794.97pt>
File: DFD.pdf Graphic file (type pdf)
<use DFD.pdf>
Package pdftex.def Info: DFD.pdf  used on input line 104.
(pdftex.def)             Requested size: 426.79135pt x 552.32666pt.

Underfull \vbox (badness 10000) has occurred while \output is active []



[73 <./images/sequenceexample.png> <./images/statetransitionexample.png>]

pdfTeX warning: pdflatex (file ./DFD2.pdf): PDF inclusion: found PDF version <1.7>, but at most version <1.5> allowed
<DFD2.pdf, id=1120, 614.295pt x 794.97pt>
File: DFD2.pdf Graphic file (type pdf)
<use DFD2.pdf>
Package pdftex.def Info: DFD2.pdf  used on input line 108.
(pdftex.def)             Requested size: 552.86038pt x 715.4664pt.

Overfull \hbox (126.06903pt too wide) in paragraph at lines 108--110
[][] 
 []

)
Underfull \vbox (badness 10000) has occurred while \output is active []



[74 <./DFD.pdf>]
Overfull \vbox (42.68332pt too high) has occurred while \output is active []



[75 <./DFD2.pdf>] (thesis.aux (sections/chapter1.aux) (sections/chapter2.aux) (sections/chapter3.aux) (sections/chapter4.aux) (appendix.aux))
 ***********
LaTeX2e <2025-06-01> patch level 1
L3 programming layer <2025-09-02>
 ***********


LaTeX Warning: There were multiply-defined labels.

Package rerunfilecheck Info: File `thesis.out' has not changed.
(rerunfilecheck)             Checksum: 9F1CB0BCD781B985A0E9F6204AF7B820;10984.
 ) 
Here is how much of TeX's memory you used:
 32010 strings out of 468081
 577986 string characters out of 5427240
 1200158 words of memory out of 5000000
 59268 multiletter control sequences out of 15000+600000
 716638 words of font info for 376 fonts, out of 8000000 for 9000
 1141 hyphenation exceptions out of 8191
 117i,13n,121p,1593b,2176s stack positions out of 10000i,1000n,20000p,200000b,200000s
 <C:\Users\hp\AppData\Local\MiKTeX\fonts/pk/ljfour/jknappen/ec/dpi600\ecit1000.pk> <C:\Users\hp\AppData\Local\MiKTeX\fonts/pk/ljfour/jknappen/ec/dpi600\ectt1000.pk> <C:\Users\hp\AppData\Local\MiKTeX\fonts/pk/ljfour/jknappen/ec/dpi600\ectt1200.pk><C:/Users/hp/AppData/Local/Programs/MiKTeX/fonts/type1/public/amsfonts/cm/cmmi10.pfb><C:/Users/hp/AppData/Local/Programs/MiKTeX/fonts/type1/public/amsfonts/cm/cmsy10.pfb><C:/Users/hp/AppData/Local/Programs/MiKTeX/fonts/type1/public/amsfonts/latxfont/lcircle1.pfb><C:/Users/hp/AppData/Local/Programs/MiKTeX/fonts/type1/urw/times/utmb8a.pfb><C:/Users/hp/AppData/Local/Programs/MiKTeX/fonts/type1/urw/times/utmr8a.pfb><C:/Users/hp/AppData/Local/Programs/MiKTeX/fonts/type1/urw/times/utmri8a.pfb>
Output written on thesis.pdf (80 pages, 4772516 bytes).
PDF statistics:
 1456 PDF objects out of 1728 (max. 8388607)
 425 named destinations out of 1000 (max. 500000)
 104574 words of extra memory for PDF output out of 106986 (max. 10000000)

